Local Authority,Library,Month,Type,Loans
CAMBS,Arbury Court Library,2019-12,Adult fiction,1
CAMBS,Arbury Court Library,2019-12,Adult fiction hardback,35
CAMBS,Arbury Court Library,2019-12,Adult fiction large print hardback,10
CAMBS,Arbury Court Library,2019-12,Adult fiction large print paperback,7
CAMBS,Arbury Court Library,2019-12,Adult fiction paperback,75
CAMBS,Arbury Court Library,2019-12,Adult non fiction hardback,15
CAMBS,Arbury Court Library,2019-12,Adult non fiction large print hardback,1
CAMBS,Arbury Court Library,2019-12,Adult non fiction paperback,34
CAMBS,Arbury Court Library,2019-12,Children's fiction,8
CAMBS,Arbury Court Library,2019-12,Children's spoken word CD set,2
CAMBS,Arbury Court Library,2019-12,DVD: 12,2
CAMBS,Arbury Court Library,2019-12,DVD: PG,1
CAMBS,Arbury Court Library,2019-12,DVD: U,2
CAMBS,Arbury Court Library,2019-12,Junior fiction,313
CAMBS,Arbury Court Library,2019-12,Junior large print,1
CAMBS,Arbury Court Library,2019-12,Junior non-fiction,30
CAMBS,Arbury Court Library,2019-12,Picture Book,1
CAMBS,Arbury Court Library,2019-12,Teenage,2
CAMBS,Arbury Court Library,2019-12,Young adult,5
CAMBS,Arbury Court Library,2019-12,Young adult fiction paperback,1
CAMBS,Arbury Court Library,2019-12,Young adult plus,1
CAMBS,Arbury Court Library,2020-01,Adult fiction,5
CAMBS,Arbury Court Library,2020-01,Adult fiction hardback,46
CAMBS,Arbury Court Library,2020-01,Adult fiction large print hardback,5
CAMBS,Arbury Court Library,2020-01,Adult fiction large print paperback,9
CAMBS,Arbury Court Library,2020-01,Adult fiction paperback,94
CAMBS,Arbury Court Library,2020-01,Adult non fiction hardback,12
CAMBS,Arbury Court Library,2020-01,Adult non fiction paperback,31
CAMBS,Arbury Court Library,2020-01,Adult non-fiction,3
CAMBS,Arbury Court Library,2020-01,Adult spoken word CD set,6
CAMBS,Arbury Court Library,2020-01,Children's fiction,15
CAMBS,Arbury Court Library,2020-01,Children's non-fiction,4
CAMBS,Arbury Court Library,2020-01,Children's spoken word CD set,9
CAMBS,Arbury Court Library,2020-01,DVD: 12,2
CAMBS,Arbury Court Library,2020-01,DVD: PG,1
CAMBS,Arbury Court Library,2020-01,DVD: U,1
CAMBS,Arbury Court Library,2020-01,Junior fiction,557
CAMBS,Arbury Court Library,2020-01,Junior non-fiction,47
CAMBS,Arbury Court Library,2020-01,Map,3
CAMBS,Arbury Court Library,2020-01,Quick Pick fiction,2
CAMBS,Arbury Court Library,2020-01,Teenage,6
CAMBS,Arbury Court Library,2020-01,Young adult,8
CAMBS,Bar Hill Library,2019-12,Adult fiction,7
CAMBS,Bar Hill Library,2019-12,Adult fiction hardback,24
CAMBS,Bar Hill Library,2019-12,Adult fiction large print paperback,2
CAMBS,Bar Hill Library,2019-12,Adult fiction paperback,65
CAMBS,Bar Hill Library,2019-12,Adult non fiction hardback,5
CAMBS,Bar Hill Library,2019-12,Adult non fiction paperback,14
CAMBS,Bar Hill Library,2019-12,Adult spoken word CD set,4
CAMBS,Bar Hill Library,2019-12,Children's spoken word CD set,3
CAMBS,Bar Hill Library,2019-12,Junior fiction,108
CAMBS,Bar Hill Library,2019-12,Junior non-fiction,11
CAMBS,Bar Hill Library,2019-12,Picture Book,3
CAMBS,Bar Hill Library,2019-12,Quick Pick fiction,1
CAMBS,Bar Hill Library,2020-01,Adult fiction,6
CAMBS,Bar Hill Library,2020-01,Adult fiction hardback,46
CAMBS,Bar Hill Library,2020-01,Adult fiction large print hardback,1
CAMBS,Bar Hill Library,2020-01,Adult fiction paperback,74
CAMBS,Bar Hill Library,2020-01,Adult non fiction hardback,12
CAMBS,Bar Hill Library,2020-01,Adult non fiction paperback,17
CAMBS,Bar Hill Library,2020-01,Adult non-fiction,3
CAMBS,Bar Hill Library,2020-01,Adult spoken word CD set,5
CAMBS,Bar Hill Library,2020-01,Children's fiction,2
CAMBS,Bar Hill Library,2020-01,Children's non-fiction,2
CAMBS,Bar Hill Library,2020-01,Children's spoken word CD set,2
CAMBS,Bar Hill Library,2020-01,DVD: PG,1
CAMBS,Bar Hill Library,2020-01,DVD: U,3
CAMBS,Bar Hill Library,2020-01,Junior fiction,302
CAMBS,Bar Hill Library,2020-01,Junior non-fiction,53
CAMBS,Bar Hill Library,2020-01,Map,3
CAMBS,Bar Hill Library,2020-01,Picture Book,1
CAMBS,Bar Hill Library,2020-01,Quick Pick fiction,3
CAMBS,Bar Hill Library,2020-01,Teenage,3
CAMBS,Barnwell Road Library,2019-12,Adult fiction hardback,4
CAMBS,Barnwell Road Library,2019-12,Adult fiction paperback,26
CAMBS,Barnwell Road Library,2019-12,Adult non fiction hardback,1
CAMBS,Barnwell Road Library,2019-12,Adult non fiction paperback,7
CAMBS,Barnwell Road Library,2019-12,Adult spoken word CD set,2
CAMBS,Barnwell Road Library,2019-12,DVD: 15,1
CAMBS,Barnwell Road Library,2019-12,Junior fiction,119
CAMBS,Barnwell Road Library,2019-12,Junior non-fiction,5
CAMBS,Barnwell Road Library,2019-12,Picture Book,1
CAMBS,Barnwell Road Library,2019-12,Young adult plus,1
CAMBS,Barnwell Road Library,2020-01,Adult fiction hardback,17
CAMBS,Barnwell Road Library,2020-01,Adult fiction large print hardback,1
CAMBS,Barnwell Road Library,2020-01,Adult fiction large print paperback,1
CAMBS,Barnwell Road Library,2020-01,Adult fiction paperback,42
CAMBS,Barnwell Road Library,2020-01,Adult non fiction hardback,7
CAMBS,Barnwell Road Library,2020-01,Adult non fiction paperback,14
CAMBS,Barnwell Road Library,2020-01,Adult non-fiction,4
CAMBS,Barnwell Road Library,2020-01,Adult spoken word CD set,1
CAMBS,Barnwell Road Library,2020-01,Children's fiction,1
CAMBS,Barnwell Road Library,2020-01,Children's non-fiction,2
CAMBS,Barnwell Road Library,2020-01,Children's spoken word CD set,1
CAMBS,Barnwell Road Library,2020-01,DVD: PG,1
CAMBS,Barnwell Road Library,2020-01,DVD: U,1
CAMBS,Barnwell Road Library,2020-01,Inter-library loan,1
CAMBS,Barnwell Road Library,2020-01,Junior fiction,173
CAMBS,Barnwell Road Library,2020-01,Junior large print,1
CAMBS,Barnwell Road Library,2020-01,Junior non-fiction,22
CAMBS,Barnwell Road Library,2020-01,Teenage,6
CAMBS,Barnwell Road Library,2020-01,Young adult,6
CAMBS,Bassingbourn Library Access Point,2019-12,Adult fiction paperback,38
CAMBS,Bassingbourn Library Access Point,2019-12,Junior fiction,5
CAMBS,Bassingbourn Library Access Point,2019-12,Junior non-fiction,1
CAMBS,Bassingbourn Library Access Point,2020-01,Adult fiction,3
CAMBS,Bassingbourn Library Access Point,2020-01,Adult fiction hardback,3
CAMBS,Bassingbourn Library Access Point,2020-01,Adult fiction paperback,28
CAMBS,Bassingbourn Library Access Point,2020-01,Adult non fiction hardback,3
CAMBS,Bassingbourn Library Access Point,2020-01,Adult non fiction paperback,4
CAMBS,Bassingbourn Library Access Point,2020-01,Children's fiction,1
CAMBS,Bassingbourn Library Access Point,2020-01,Junior fiction,35
CAMBS,Bassingbourn Library Access Point,2020-01,Junior large print,3
CAMBS,Bassingbourn Library Access Point,2020-01,Junior non-fiction,2
CAMBS,Bassingbourn Library Access Point,2020-01,Teenage,1
CAMBS,Bassingbourn Library Access Point,2020-01,Young adult,1
CAMBS,Bottisham Library Access Point,2019-12,Young adult,1
CAMBS,Bottisham Library Access Point,2020-01,Adult fiction,1
CAMBS,Bottisham Library Access Point,2020-01,Adult fiction hardback,5
CAMBS,Bottisham Library Access Point,2020-01,Adult fiction paperback,29
CAMBS,Bottisham Library Access Point,2020-01,Adult non fiction hardback,8
CAMBS,Bottisham Library Access Point,2020-01,Adult non fiction large print paperback,1
CAMBS,Bottisham Library Access Point,2020-01,Adult non fiction paperback,2
CAMBS,Bottisham Library Access Point,2020-01,Adult non-fiction,1
CAMBS,Bottisham Library Access Point,2020-01,Bott village college fiction,10
CAMBS,Bottisham Library Access Point,2020-01,Bott village college non-fiction,16
CAMBS,Bottisham Library Access Point,2020-01,Children's fiction,17
CAMBS,Bottisham Library Access Point,2020-01,Children's non-fiction,3
CAMBS,Bottisham Library Access Point,2020-01,Children's spoken word CD set,1
CAMBS,Bottisham Library Access Point,2020-01,Junior fiction,203
CAMBS,Bottisham Library Access Point,2020-01,Junior non-fiction,24
CAMBS,Bottisham Library Access Point,2020-01,Picture Book,30
CAMBS,Bottisham Library Access Point,2020-01,Quick Pick fiction,2
CAMBS,Bottisham Library Access Point,2020-01,Teenage,6
CAMBS,Bottisham Library Access Point,2020-01,Young adult,23
CAMBS,Bottisham Library Access Point,2020-01,Young adult plus,15
CAMBS,Brampton Community Library,2019-12,Adult fiction,2
CAMBS,Brampton Community Library,2019-12,Adult fiction hardback,1
CAMBS,Brampton Community Library,2019-12,Adult fiction paperback,10
CAMBS,Brampton Community Library,2019-12,Adult non fiction hardback,1
CAMBS,Brampton Community Library,2019-12,Adult non fiction paperback,5
CAMBS,Brampton Community Library,2019-12,Children's fiction,2
CAMBS,Brampton Community Library,2019-12,Junior fiction,9
CAMBS,Brampton Community Library,2020-01,Adult fiction,1
CAMBS,Brampton Community Library,2020-01,Adult fiction hardback,2
CAMBS,Brampton Community Library,2020-01,Adult fiction paperback,22
CAMBS,Brampton Community Library,2020-01,Adult non fiction hardback,2
CAMBS,Brampton Community Library,2020-01,Adult non fiction paperback,3
CAMBS,Brampton Community Library,2020-01,Adult non-fiction,1
CAMBS,Brampton Community Library,2020-01,Children's fiction,2
CAMBS,Brampton Community Library,2020-01,Junior fiction,49
CAMBS,Brampton Community Library,2020-01,Junior non-fiction,14
CAMBS,Brampton Community Library,2020-01,Picture Book,4
CAMBS,Buckden Library,2019-12,Adult fiction,5
CAMBS,Buckden Library,2019-12,Adult fiction hardback,16
CAMBS,Buckden Library,2019-12,Adult fiction large print hardback,2
CAMBS,Buckden Library,2019-12,Adult fiction large print paperback,5
CAMBS,Buckden Library,2019-12,Adult fiction paperback,53
CAMBS,Buckden Library,2019-12,Adult non fiction paperback,6
CAMBS,Buckden Library,2019-12,Adult non-fiction,1
CAMBS,Buckden Library,2019-12,Junior fiction,51
CAMBS,Buckden Library,2019-12,Junior non-fiction,14
CAMBS,Buckden Library,2019-12,Quick Pick fiction,1
CAMBS,Buckden Library,2020-01,Adult fiction,4
CAMBS,Buckden Library,2020-01,Adult fiction hardback,25
CAMBS,Buckden Library,2020-01,Adult fiction large print hardback,3
CAMBS,Buckden Library,2020-01,Adult fiction large print paperback,3
CAMBS,Buckden Library,2020-01,Adult fiction paperback,72
CAMBS,Buckden Library,2020-01,Adult non fiction hardback,5
CAMBS,Buckden Library,2020-01,Adult non fiction large print paperback,1
CAMBS,Buckden Library,2020-01,Adult non fiction paperback,12
CAMBS,Buckden Library,2020-01,Adult non-fiction,1
CAMBS,Buckden Library,2020-01,Children's fiction,1
CAMBS,Buckden Library,2020-01,Children's spoken word CD set,1
CAMBS,Buckden Library,2020-01,Junior fiction,102
CAMBS,Buckden Library,2020-01,Junior non-fiction,1
CAMBS,Buckden Library,2020-01,Quick Pick fiction,3
CAMBS,Buckden Library,2020-01,Teenage,3
CAMBS,Burwell Library,2019-12,Adult fiction,16
CAMBS,Burwell Library,2019-12,Adult fiction hardback,22
CAMBS,Burwell Library,2019-12,Adult fiction large print hardback,2
CAMBS,Burwell Library,2019-12,Adult fiction paperback,86
CAMBS,Burwell Library,2019-12,Adult non fiction hardback,6
CAMBS,Burwell Library,2019-12,Adult non fiction paperback,6
CAMBS,Burwell Library,2019-12,Adult non-fiction,3
CAMBS,Burwell Library,2019-12,Adult spoken word CD set,6
CAMBS,Burwell Library,2019-12,Children's spoken word CD set,5
CAMBS,Burwell Library,2019-12,Junior fiction,60
CAMBS,Burwell Library,2019-12,Junior non-fiction,17
CAMBS,Burwell Library,2019-12,Quick Pick fiction,12
CAMBS,Burwell Library,2019-12,Teenage,2
CAMBS,Burwell Library,2020-01,Adult fiction,16
CAMBS,Burwell Library,2020-01,Adult fiction hardback,18
CAMBS,Burwell Library,2020-01,Adult fiction large print hardback,9
CAMBS,Burwell Library,2020-01,Adult fiction large print paperback,6
CAMBS,Burwell Library,2020-01,Adult fiction paperback,53
CAMBS,Burwell Library,2020-01,Adult non fiction hardback,14
CAMBS,Burwell Library,2020-01,Adult non fiction paperback,7
CAMBS,Burwell Library,2020-01,Adult non-fiction,1
CAMBS,Burwell Library,2020-01,Adult spoken word CD set,1
CAMBS,Burwell Library,2020-01,Children's spoken word CD set,2
CAMBS,Burwell Library,2020-01,DVD: PG,1
CAMBS,Burwell Library,2020-01,DVD: U,4
CAMBS,Burwell Library,2020-01,Junior fiction,148
CAMBS,Burwell Library,2020-01,Junior large print,2
CAMBS,Burwell Library,2020-01,Junior non-fiction,13
CAMBS,Burwell Library,2020-01,Lending,1
CAMBS,Burwell Library,2020-01,Picture Book,1
CAMBS,Burwell Library,2020-01,Quick Pick fiction,12
CAMBS,Burwell Library,2020-01,Teenage,1
CAMBS,Burwell Library,2020-01,Young adult,1
CAMBS,Cambourne Library,2019-12,Adult fiction,6
CAMBS,Cambourne Library,2019-12,Adult fiction hardback,40
CAMBS,Cambourne Library,2019-12,Adult fiction large print hardback,9
CAMBS,Cambourne Library,2019-12,Adult fiction large print paperback,2
CAMBS,Cambourne Library,2019-12,Adult fiction paperback,96
CAMBS,Cambourne Library,2019-12,Adult non fiction hardback,19
CAMBS,Cambourne Library,2019-12,Adult non fiction paperback,23
CAMBS,Cambourne Library,2019-12,Adult non-fiction,1
CAMBS,Cambourne Library,2019-12,Adult spoken word CD,1
CAMBS,Cambourne Library,2019-12,Adult spoken word CD set,1
CAMBS,Cambourne Library,2019-12,Children's fiction,2
CAMBS,Cambourne Library,2019-12,Children's spoken word CD set,15
CAMBS,Cambourne Library,2019-12,DVD: 12,1
CAMBS,Cambourne Library,2019-12,DVD: 15,2
CAMBS,Cambourne Library,2019-12,DVD: 18,1
CAMBS,Cambourne Library,2019-12,DVD: PG,2
CAMBS,Cambourne Library,2019-12,DVD: U,3
CAMBS,Cambourne Library,2019-12,Junior fiction,453
CAMBS,Cambourne Library,2019-12,Junior non-fiction,43
CAMBS,Cambourne Library,2019-12,Music score,1
CAMBS,Cambourne Library,2019-12,Teenage,4
CAMBS,Cambourne Library,2019-12,Young adult,1
CAMBS,Cambourne Library,2020-01,Adult fiction,8
CAMBS,Cambourne Library,2020-01,Adult fiction hardback,43
CAMBS,Cambourne Library,2020-01,Adult fiction large print hardback,15
CAMBS,Cambourne Library,2020-01,Adult fiction large print paperback,5
CAMBS,Cambourne Library,2020-01,Adult fiction paperback,149
CAMBS,Cambourne Library,2020-01,Adult non fiction hardback,13
CAMBS,Cambourne Library,2020-01,Adult non fiction paperback,31
CAMBS,Cambourne Library,2020-01,Adult non-fiction,3
CAMBS,Cambourne Library,2020-01,Adult spoken word CD,1
CAMBS,Cambourne Library,2020-01,Adult spoken word CD set,4
CAMBS,Cambourne Library,2020-01,Children's fiction,5
CAMBS,Cambourne Library,2020-01,Children's non-fiction,2
CAMBS,Cambourne Library,2020-01,Children's spoken word CD set,12
CAMBS,Cambourne Library,2020-01,DVD: 12,4
CAMBS,Cambourne Library,2020-01,DVD: 15,3
CAMBS,Cambourne Library,2020-01,DVD: PG,5
CAMBS,Cambourne Library,2020-01,DVD: U,4
CAMBS,Cambourne Library,2020-01,Junior fiction,484
CAMBS,Cambourne Library,2020-01,Junior non-fiction,86
CAMBS,Cambourne Library,2020-01,Picture Book,1
CAMBS,Cambourne Library,2020-01,Teenage,7
CAMBS,Cambourne Library,2020-01,Young adult,5
CAMBS,Cambridge Central Library,2019-12,Adult fiction,12
CAMBS,Cambridge Central Library,2019-12,Adult fiction hardback,158
CAMBS,Cambridge Central Library,2019-12,Adult fiction large print hardback,2
CAMBS,Cambridge Central Library,2019-12,Adult fiction large print paperback,14
CAMBS,Cambridge Central Library,2019-12,Adult fiction paperback,373
CAMBS,Cambridge Central Library,2019-12,Adult non fiction hardback,131
CAMBS,Cambridge Central Library,2019-12,Adult non fiction large print hardback,1
CAMBS,Cambridge Central Library,2019-12,Adult non fiction large print paperback,3
CAMBS,Cambridge Central Library,2019-12,Adult non fiction paperback,289
CAMBS,Cambridge Central Library,2019-12,Adult non-fiction,37
CAMBS,Cambridge Central Library,2019-12,Adult spoken word CD,2
CAMBS,Cambridge Central Library,2019-12,Adult spoken word CD set,15
CAMBS,Cambridge Central Library,2019-12,Blu-Ray:18,1
CAMBS,Cambridge Central Library,2019-12,CD,5
CAMBS,Cambridge Central Library,2019-12,Children's fiction,19
CAMBS,Cambridge Central Library,2019-12,Children's spoken word CD set,21
CAMBS,Cambridge Central Library,2019-12,Devices and electronics,1
CAMBS,Cambridge Central Library,2019-12,DVD: 12,19
CAMBS,Cambridge Central Library,2019-12,DVD: 15,22
CAMBS,Cambridge Central Library,2019-12,DVD: 18,1
CAMBS,Cambridge Central Library,2019-12,DVD: PG,8
CAMBS,Cambridge Central Library,2019-12,DVD: U,12
CAMBS,Cambridge Central Library,2019-12,Junior fiction,"1,034"
CAMBS,Cambridge Central Library,2019-12,Junior large print,5
CAMBS,Cambridge Central Library,2019-12,Junior non-fiction,140
CAMBS,Cambridge Central Library,2019-12,Map,2
CAMBS,Cambridge Central Library,2019-12,Music score,11
CAMBS,Cambridge Central Library,2019-12,Picture Book,3
CAMBS,Cambridge Central Library,2019-12,Teenage,59
CAMBS,Cambridge Central Library,2019-12,Young adult,25
CAMBS,Cambridge Central Library,2019-12,Young adult plus,13
CAMBS,Cambridge Central Library,2020-01,Adult fiction,35
CAMBS,Cambridge Central Library,2020-01,Adult fiction hardback,299
CAMBS,Cambridge Central Library,2020-01,Adult fiction large print hardback,15
CAMBS,Cambridge Central Library,2020-01,Adult fiction large print paperback,15
CAMBS,Cambridge Central Library,2020-01,Adult fiction paperback,716
CAMBS,Cambridge Central Library,2020-01,Adult non fiction hardback,325
CAMBS,Cambridge Central Library,2020-01,Adult non fiction large print hardback,3
CAMBS,Cambridge Central Library,2020-01,Adult non fiction large print paperback,2
CAMBS,Cambridge Central Library,2020-01,Adult non fiction paperback,597
CAMBS,Cambridge Central Library,2020-01,Adult non-fiction,45
CAMBS,Cambridge Central Library,2020-01,Adult spoken word cassette,1
CAMBS,Cambridge Central Library,2020-01,Adult spoken word cassette set,2
CAMBS,Cambridge Central Library,2020-01,Adult spoken word CD,3
CAMBS,Cambridge Central Library,2020-01,Adult spoken word CD set,51
CAMBS,Cambridge Central Library,2020-01,CD,5
CAMBS,Cambridge Central Library,2020-01,Children's fiction,41
CAMBS,Cambridge Central Library,2020-01,Children's non-fiction,1
CAMBS,Cambridge Central Library,2020-01,Children's spoken word CD set,35
CAMBS,Cambridge Central Library,2020-01,Devices and electronics,2
CAMBS,Cambridge Central Library,2020-01,DVD short,1
CAMBS,Cambridge Central Library,2020-01,DVD: 12,22
CAMBS,Cambridge Central Library,2020-01,DVD: 15,24
CAMBS,Cambridge Central Library,2020-01,DVD: 18,1
CAMBS,Cambridge Central Library,2020-01,DVD: PG,11
CAMBS,Cambridge Central Library,2020-01,DVD: U,25
CAMBS,Cambridge Central Library,2020-01,Junior fiction,"1,779"
CAMBS,Cambridge Central Library,2020-01,Junior fiction paperback,1
CAMBS,Cambridge Central Library,2020-01,Junior large print,12
CAMBS,Cambridge Central Library,2020-01,Junior non-fiction,318
CAMBS,Cambridge Central Library,2020-01,Map,23
CAMBS,Cambridge Central Library,2020-01,Music score,31
CAMBS,Cambridge Central Library,2020-01,Picture Book,8
CAMBS,Cambridge Central Library,2020-01,Quick Pick fiction,1
CAMBS,Cambridge Central Library,2020-01,Quick Pick non-fiction,1
CAMBS,Cambridge Central Library,2020-01,Teenage,56
CAMBS,Cambridge Central Library,2020-01,Young adult,20
CAMBS,Cambridge Central Library,2020-01,Young adult plus,12
CAMBS,Cambridge Central Library,2020-01,Adult fiction hardback,18
CAMBS,Cambridge Central Library,2020-01,Adult fiction large print paperback,2
CAMBS,Cambridge Central Library,2020-01,Adult fiction paperback,48
CAMBS,Cambridge Central Library,2020-01,Adult non fiction hardback,31
CAMBS,Cambridge Central Library,2020-01,Adult non fiction paperback,49
CAMBS,Cambridge Central Library,2020-01,Adult non-fiction,6
CAMBS,Cambridge Central Library,2020-01,Adult spoken word cassette set,1
CAMBS,Cambridge Central Library,2020-01,Children's fiction,8
CAMBS,Cambridge Central Library,2020-01,Children's non-fiction,1
CAMBS,Cambridge Central Library,2020-01,DVD: 12,1
CAMBS,Cambridge Central Library,2020-01,DVD: PG,4
CAMBS,Cambridge Central Library,2020-01,DVD: U,2
CAMBS,Cambridge Central Library,2020-01,Junior fiction,303
CAMBS,Cambridge Central Library,2020-01,Junior large print,1
CAMBS,Cambridge Central Library,2020-01,Junior non-fiction,80
CAMBS,Cambridge Central Library,2020-01,Music score,2
CAMBS,Cambridge Central Library,2020-01,Picture Book,1
CAMBS,Cambridge Central Library,2020-01,Teenage,11
CAMBS,Cambridge Central Library,2020-01,Young adult,6
CAMBS,Cambridge Central Library,2020-01,Young adult plus,2
CAMBS,Cambridgeshire Collection,2020-01,Adult fiction hardback,1
CAMBS,Cambridgeshire Collection,2020-01,Adult non fiction hardback,1
CAMBS,Cambridgeshire Collection,2020-01,Adult non-fiction,1
CAMBS,Cambridgeshire Libraries,2019-12,Adult e-audio,11
CAMBS,Cambridgeshire Libraries,2019-12,Adult e-books,10
CAMBS,Cambridgeshire Libraries,2019-12,Adult fiction,68
CAMBS,Cambridgeshire Libraries,2019-12,Adult fiction hardback,344
CAMBS,Cambridgeshire Libraries,2019-12,Adult fiction large print hardback,26
CAMBS,Cambridgeshire Libraries,2019-12,Adult fiction large print paperback,24
CAMBS,Cambridgeshire Libraries,2019-12,Adult fiction paperback,"1,007"
CAMBS,Cambridgeshire Libraries,2019-12,Adult non fiction hardback,274
CAMBS,Cambridgeshire Libraries,2019-12,Adult non fiction large print hardback,2
CAMBS,Cambridgeshire Libraries,2019-12,Adult non fiction paperback,533
CAMBS,Cambridgeshire Libraries,2019-12,Adult non-fiction,60
CAMBS,Cambridgeshire Libraries,2019-12,Adult spoken word CD set,12
CAMBS,Cambridgeshire Libraries,2019-12,Bott village college fiction,1
CAMBS,Cambridgeshire Libraries,2019-12,Bott village college non-fiction,1
CAMBS,Cambridgeshire Libraries,2019-12,CD,1
CAMBS,Cambridgeshire Libraries,2019-12,Children's fiction,32
CAMBS,Cambridgeshire Libraries,2019-12,Children's non-fiction,12
CAMBS,Cambridgeshire Libraries,2019-12,Children's spoken word CD set,34
CAMBS,Cambridgeshire Libraries,2019-12,Devices and electronics,3
CAMBS,Cambridgeshire Libraries,2019-12,DVD: 15,1
CAMBS,Cambridgeshire Libraries,2019-12,DVD: PG,1
CAMBS,Cambridgeshire Libraries,2019-12,Junior fiction,"2,530"
CAMBS,Cambridgeshire Libraries,2019-12,Junior fiction hardback,1
CAMBS,Cambridgeshire Libraries,2019-12,Junior large print,2
CAMBS,Cambridgeshire Libraries,2019-12,Junior non-fiction,417
CAMBS,Cambridgeshire Libraries,2019-12,Map,9
CAMBS,Cambridgeshire Libraries,2019-12,Music score,7
CAMBS,Cambridgeshire Libraries,2019-12,Picture Book,17
CAMBS,Cambridgeshire Libraries,2019-12,Quick Pick fiction,20
CAMBS,Cambridgeshire Libraries,2019-12,Quick Pick non-fiction,1
CAMBS,Cambridgeshire Libraries,2019-12,Teenage,88
CAMBS,Cambridgeshire Libraries,2019-12,Young adult,42
CAMBS,Cambridgeshire Libraries,2019-12,Young adult plus,20
CAMBS,Cambridgeshire Libraries,2020-01,Adult e-audio,7
CAMBS,Cambridgeshire Libraries,2020-01,Adult e-books,24
CAMBS,Cambridgeshire Libraries,2020-01,Adult fiction,108
CAMBS,Cambridgeshire Libraries,2020-01,Adult fiction hardback,445
CAMBS,Cambridgeshire Libraries,2020-01,Adult fiction large print hardback,28
CAMBS,Cambridgeshire Libraries,2020-01,Adult fiction large print paperback,28
CAMBS,Cambridgeshire Libraries,2020-01,Adult fiction paperback,"1,243"
CAMBS,Cambridgeshire Libraries,2020-01,Adult non fiction hardback,370
CAMBS,Cambridgeshire Libraries,2020-01,Adult non fiction large print hardback,3
CAMBS,Cambridgeshire Libraries,2020-01,Adult non fiction large print paperback,3
CAMBS,Cambridgeshire Libraries,2020-01,Adult non fiction paperback,704
CAMBS,Cambridgeshire Libraries,2020-01,Adult non-fiction,61
CAMBS,Cambridgeshire Libraries,2020-01,Adult spoken word CD,2
CAMBS,Cambridgeshire Libraries,2020-01,Adult spoken word CD set,16
CAMBS,Cambridgeshire Libraries,2020-01,Bott village college fiction,3
CAMBS,Cambridgeshire Libraries,2020-01,Bott village college non-fiction,4
CAMBS,Cambridgeshire Libraries,2020-01,Children's fiction,49
CAMBS,Cambridgeshire Libraries,2020-01,Children's non-fiction,5
CAMBS,Cambridgeshire Libraries,2020-01,Children's spoken word CD set,51
CAMBS,Cambridgeshire Libraries,2020-01,Devices and electronics,1
CAMBS,Cambridgeshire Libraries,2020-01,DVD: 12,4
CAMBS,Cambridgeshire Libraries,2020-01,DVD: 15,1
CAMBS,Cambridgeshire Libraries,2020-01,DVD: PG,3
CAMBS,Cambridgeshire Libraries,2020-01,DVD: U,1
CAMBS,Cambridgeshire Libraries,2020-01,Junior fiction,"3,069"
CAMBS,Cambridgeshire Libraries,2020-01,Junior fiction paperback,1
CAMBS,Cambridgeshire Libraries,2020-01,Junior large print,4
CAMBS,Cambridgeshire Libraries,2020-01,Junior non-fiction,416
CAMBS,Cambridgeshire Libraries,2020-01,Map,9
CAMBS,Cambridgeshire Libraries,2020-01,Music score,8
CAMBS,Cambridgeshire Libraries,2020-01,Picture Book,24
CAMBS,Cambridgeshire Libraries,2020-01,Quick Pick fiction,15
CAMBS,Cambridgeshire Libraries,2020-01,Quick Pick non-fiction,1
CAMBS,Cambridgeshire Libraries,2020-01,Reference- Local history,1
CAMBS,Cambridgeshire Libraries,2020-01,Teenage,142
CAMBS,Cambridgeshire Libraries,2020-01,Young adult,57
CAMBS,Cambridgeshire Libraries,2020-01,Young adult plus,31
CAMBS,Cambridgeshire Libraries,2020-01,Adult e-books,3
CAMBS,Cambridgeshire Libraries,2020-01,Adult fiction,13
CAMBS,Cambridgeshire Libraries,2020-01,Adult fiction hardback,65
CAMBS,Cambridgeshire Libraries,2020-01,Adult fiction large print hardback,6
CAMBS,Cambridgeshire Libraries,2020-01,Adult fiction large print paperback,4
CAMBS,Cambridgeshire Libraries,2020-01,Adult fiction paperback,188
CAMBS,Cambridgeshire Libraries,2020-01,Adult non fiction hardback,54
CAMBS,Cambridgeshire Libraries,2020-01,Adult non fiction paperback,105
CAMBS,Cambridgeshire Libraries,2020-01,Adult non-fiction,4
CAMBS,Cambridgeshire Libraries,2020-01,Adult spoken word CD set,1
CAMBS,Cambridgeshire Libraries,2020-01,Children's fiction,8
CAMBS,Cambridgeshire Libraries,2020-01,Children's non-fiction,2
CAMBS,Cambridgeshire Libraries,2020-01,Children's spoken word CD set,10
CAMBS,Cambridgeshire Libraries,2020-01,Junior fiction,447
CAMBS,Cambridgeshire Libraries,2020-01,Junior large print,1
CAMBS,Cambridgeshire Libraries,2020-01,Junior non-fiction,69
CAMBS,Cambridgeshire Libraries,2020-01,Picture Book,7
CAMBS,Cambridgeshire Libraries,2020-01,Quick Pick fiction,10
CAMBS,Cambridgeshire Libraries,2020-01,Teenage,29
CAMBS,Cambridgeshire Libraries,2020-01,Young adult,8
CAMBS,Cambridgeshire Libraries,2020-01,Young adult plus,1
CAMBS,Chatteris Library,2019-12,Adult fiction,6
CAMBS,Chatteris Library,2019-12,Adult fiction hardback,46
CAMBS,Chatteris Library,2019-12,Adult fiction large print hardback,2
CAMBS,Chatteris Library,2019-12,Adult fiction large print paperback,1
CAMBS,Chatteris Library,2019-12,Adult fiction paperback,64
CAMBS,Chatteris Library,2019-12,Adult non fiction hardback,2
CAMBS,Chatteris Library,2019-12,Adult non fiction paperback,6
CAMBS,Chatteris Library,2019-12,Adult spoken word cassette,1
CAMBS,Chatteris Library,2019-12,Adult spoken word cassette set,2
CAMBS,Chatteris Library,2019-12,Adult spoken word CD set,3
CAMBS,Chatteris Library,2019-12,Children's spoken word CD set,1
CAMBS,Chatteris Library,2019-12,Junior fiction,63
CAMBS,Chatteris Library,2019-12,Junior non-fiction,3
CAMBS,Chatteris Library,2019-12,Quick Pick fiction,1
CAMBS,Chatteris Library,2019-12,Teenage,1
CAMBS,Chatteris Library,2019-12,Young adult,1
CAMBS,Chatteris Library,2020-01,Adult fiction,5
CAMBS,Chatteris Library,2020-01,Adult fiction hardback,44
CAMBS,Chatteris Library,2020-01,Adult fiction large print hardback,14
CAMBS,Chatteris Library,2020-01,Adult fiction large print paperback,1
CAMBS,Chatteris Library,2020-01,Adult fiction paperback,94
CAMBS,Chatteris Library,2020-01,Adult non fiction hardback,11
CAMBS,Chatteris Library,2020-01,Adult non fiction large print hardback,2
CAMBS,Chatteris Library,2020-01,Adult non fiction paperback,19
CAMBS,Chatteris Library,2020-01,Adult spoken word cassette set,3
CAMBS,Chatteris Library,2020-01,Adult spoken word CD set,1
CAMBS,Chatteris Library,2020-01,Children's fiction,1
CAMBS,Chatteris Library,2020-01,DVD: PG,2
CAMBS,Chatteris Library,2020-01,DVD: U,3
CAMBS,Chatteris Library,2020-01,Junior fiction,93
CAMBS,Chatteris Library,2020-01,Junior non-fiction,4
CAMBS,Chatteris Library,2020-01,Picture Book,1
CAMBS,Chatteris Library,2020-01,Quick Pick fiction,3
CAMBS,Chatteris Library,2020-01,Teenage,2
CAMBS,Cherry Hinton Library,2019-12,Adult fiction,3
CAMBS,Cherry Hinton Library,2019-12,Adult fiction hardback,25
CAMBS,Cherry Hinton Library,2019-12,Adult fiction paperback,82
CAMBS,Cherry Hinton Library,2019-12,Adult non fiction hardback,13
CAMBS,Cherry Hinton Library,2019-12,Adult non fiction paperback,25
CAMBS,Cherry Hinton Library,2019-12,Adult non-fiction,1
CAMBS,Cherry Hinton Library,2019-12,Adult spoken word CD,1
CAMBS,Cherry Hinton Library,2019-12,Adult spoken word CD set,3
CAMBS,Cherry Hinton Library,2019-12,Children's fiction,1
CAMBS,Cherry Hinton Library,2019-12,Children's non-fiction,2
CAMBS,Cherry Hinton Library,2019-12,Children's spoken word CD set,1
CAMBS,Cherry Hinton Library,2019-12,DVD: 15,1
CAMBS,Cherry Hinton Library,2019-12,DVD: PG,1
CAMBS,Cherry Hinton Library,2019-12,Junior fiction,398
CAMBS,Cherry Hinton Library,2019-12,Junior non-fiction,45
CAMBS,Cherry Hinton Library,2019-12,Map,1
CAMBS,Cherry Hinton Library,2019-12,Teenage,17
CAMBS,Cherry Hinton Library,2019-12,Young adult,5
CAMBS,Cherry Hinton Library,2019-12,Young adult plus,1
CAMBS,Cherry Hinton Library,2020-01,Adult fiction,12
CAMBS,Cherry Hinton Library,2020-01,Adult fiction hardback,49
CAMBS,Cherry Hinton Library,2020-01,Adult fiction large print hardback,3
CAMBS,Cherry Hinton Library,2020-01,Adult fiction large print paperback,3
CAMBS,Cherry Hinton Library,2020-01,Adult fiction paperback,110
CAMBS,Cherry Hinton Library,2020-01,Adult non fiction hardback,19
CAMBS,Cherry Hinton Library,2020-01,Adult non fiction large print hardback,1
CAMBS,Cherry Hinton Library,2020-01,Adult non fiction paperback,48
CAMBS,Cherry Hinton Library,2020-01,Adult non-fiction,1
CAMBS,Cherry Hinton Library,2020-01,Adult spoken word CD set,3
CAMBS,Cherry Hinton Library,2020-01,Children's fiction,1
CAMBS,Cherry Hinton Library,2020-01,Children's non-fiction,2
CAMBS,Cherry Hinton Library,2020-01,Children's spoken word CD set,5
CAMBS,Cherry Hinton Library,2020-01,DVD: 12,1
CAMBS,Cherry Hinton Library,2020-01,DVD: U,4
CAMBS,Cherry Hinton Library,2020-01,Junior fiction,443
CAMBS,Cherry Hinton Library,2020-01,Junior non-fiction,52
CAMBS,Cherry Hinton Library,2020-01,Picture Book,1
CAMBS,Cherry Hinton Library,2020-01,Quick Pick fiction,1
CAMBS,Cherry Hinton Library,2020-01,Teenage,14
CAMBS,Cherry Hinton Library,2020-01,Young adult,7
CAMBS,Cherry Hinton Library,2020-01,Young adult plus,2
CAMBS,Clay Farm Library,2019-12,Adult fiction hardback,5
CAMBS,Clay Farm Library,2019-12,Adult fiction large print hardback,1
CAMBS,Clay Farm Library,2019-12,Adult fiction large print paperback,11
CAMBS,Clay Farm Library,2019-12,Adult fiction paperback,16
CAMBS,Clay Farm Library,2019-12,Adult non fiction hardback,4
CAMBS,Clay Farm Library,2019-12,Adult non fiction paperback,15
CAMBS,Clay Farm Library,2019-12,Children's fiction,1
CAMBS,Clay Farm Library,2019-12,Children's non-fiction,1
CAMBS,Clay Farm Library,2019-12,Children's spoken word CD set,11
CAMBS,Clay Farm Library,2019-12,Junior fiction,244
CAMBS,Clay Farm Library,2019-12,Junior non-fiction,20
CAMBS,Clay Farm Library,2019-12,Teenage,2
CAMBS,Clay Farm Library,2019-12,Young adult,3
CAMBS,Clay Farm Library,2019-12,Young adult plus,1
CAMBS,Clay Farm Library,2020-01,Adult fiction,1
CAMBS,Clay Farm Library,2020-01,Adult fiction hardback,13
CAMBS,Clay Farm Library,2020-01,Adult fiction large print paperback,1
CAMBS,Clay Farm Library,2020-01,Adult fiction paperback,49
CAMBS,Clay Farm Library,2020-01,Adult non fiction hardback,16
CAMBS,Clay Farm Library,2020-01,Adult non fiction paperback,21
CAMBS,Clay Farm Library,2020-01,Adult non-fiction,3
CAMBS,Clay Farm Library,2020-01,Children's fiction,4
CAMBS,Clay Farm Library,2020-01,Children's non-fiction,1
CAMBS,Clay Farm Library,2020-01,Children's spoken word CD set,7
CAMBS,Clay Farm Library,2020-01,Junior fiction,415
CAMBS,Clay Farm Library,2020-01,Junior non-fiction,42
CAMBS,Clay Farm Library,2020-01,Picture Book,2
CAMBS,Clay Farm Library,2020-01,Teenage,12
CAMBS,Clay Farm Library,2020-01,Young adult,9
CAMBS,Comberton Library,2019-12,Adult fiction,5
CAMBS,Comberton Library,2019-12,Adult fiction hardback,19
CAMBS,Comberton Library,2019-12,Adult fiction paperback,45
CAMBS,Comberton Library,2019-12,Adult non fiction hardback,4
CAMBS,Comberton Library,2019-12,Adult non fiction paperback,7
CAMBS,Comberton Library,2019-12,Adult non-fiction,1
CAMBS,Comberton Library,2019-12,Children's spoken word CD set,3
CAMBS,Comberton Library,2019-12,DVD: 12,2
CAMBS,Comberton Library,2019-12,Junior fiction,76
CAMBS,Comberton Library,2019-12,Junior large print,1
CAMBS,Comberton Library,2019-12,Junior non-fiction,8
CAMBS,Comberton Library,2019-12,Teenage,11
CAMBS,Comberton Library,2019-12,Young adult,3
CAMBS,Comberton Library,2019-12,Young adult plus,3
CAMBS,Comberton Library,2020-01,Adult fiction,5
CAMBS,Comberton Library,2020-01,Adult fiction hardback,30
CAMBS,Comberton Library,2020-01,Adult fiction large print hardback,3
CAMBS,Comberton Library,2020-01,Adult fiction large print paperback,1
CAMBS,Comberton Library,2020-01,Adult fiction paperback,51
CAMBS,Comberton Library,2020-01,Adult non fiction hardback,9
CAMBS,Comberton Library,2020-01,Adult non fiction paperback,17
CAMBS,Comberton Library,2020-01,Adult spoken word CD,1
CAMBS,Comberton Library,2020-01,Adult spoken word CD set,12
CAMBS,Comberton Library,2020-01,Children's spoken word CD set,1
CAMBS,Comberton Library,2020-01,Junior fiction,139
CAMBS,Comberton Library,2020-01,Junior non-fiction,23
CAMBS,Comberton Library,2020-01,Picture Book,1
CAMBS,Comberton Library,2020-01,Quick Pick fiction,1
CAMBS,Comberton Library,2020-01,Teenage,18
CAMBS,Comberton Library,2020-01,Young adult,3
CAMBS,Comberton Library,2020-01,Young adult fiction paperback,1
CAMBS,Comberton Library,2020-01,Young adult plus,5
CAMBS,Cottenham Library,2019-12,Adult fiction,1
CAMBS,Cottenham Library,2019-12,Adult fiction hardback,32
CAMBS,Cottenham Library,2019-12,Adult fiction large print hardback,5
CAMBS,Cottenham Library,2019-12,Adult fiction large print paperback,2
CAMBS,Cottenham Library,2019-12,Adult fiction paperback,51
CAMBS,Cottenham Library,2019-12,Adult non fiction hardback,7
CAMBS,Cottenham Library,2019-12,Adult non fiction paperback,7
CAMBS,Cottenham Library,2019-12,Children's non-fiction,1
CAMBS,Cottenham Library,2019-12,Children's spoken word CD set,2
CAMBS,Cottenham Library,2019-12,DVD: U,1
CAMBS,Cottenham Library,2019-12,Junior fiction,98
CAMBS,Cottenham Library,2019-12,Junior non-fiction,31
CAMBS,Cottenham Library,2019-12,Teenage,1
CAMBS,Cottenham Library,2019-12,Young adult,5
CAMBS,Cottenham Library,2020-01,Adult fiction,3
CAMBS,Cottenham Library,2020-01,Adult fiction hardback,33
CAMBS,Cottenham Library,2020-01,Adult fiction large print hardback,2
CAMBS,Cottenham Library,2020-01,Adult fiction paperback,66
CAMBS,Cottenham Library,2020-01,Adult non fiction hardback,8
CAMBS,Cottenham Library,2020-01,Adult non fiction paperback,13
CAMBS,Cottenham Library,2020-01,Adult spoken word CD set,3
CAMBS,Cottenham Library,2020-01,Children's fiction,2
CAMBS,Cottenham Library,2020-01,Children's non-fiction,3
CAMBS,Cottenham Library,2020-01,Children's spoken word CD set,4
CAMBS,Cottenham Library,2020-01,Junior fiction,122
CAMBS,Cottenham Library,2020-01,Junior non-fiction,21
CAMBS,County Store,2019-12,Adult fiction,1
CAMBS,County Store,2019-12,Adult fiction hardback,2
CAMBS,County Store,2019-12,Adult fiction paperback,1
CAMBS,County Store,2019-12,Adult non fiction hardback,7
CAMBS,County Store,2019-12,Adult non fiction paperback,7
CAMBS,County Store,2019-12,Adult spoken word CD set,7
CAMBS,County Store,2019-12,Junior fiction,1
CAMBS,County Store,2019-12,Teenage,1
CAMBS,County Store,2019-12,Vocal score sets,1
CAMBS,County Store,2020-01,Adult fiction hardback,3
CAMBS,County Store,2020-01,Adult fiction paperback,4
CAMBS,County Store,2020-01,Adult non fiction hardback,5
CAMBS,County Store,2020-01,Adult non fiction paperback,6
CAMBS,County Store,2020-01,Adult non-fiction,1
CAMBS,County Store,2020-01,Adult spoken word CD set,7
CAMBS,County Store,2020-01,Children's non-fiction,1
CAMBS,County Store,2020-01,Inter-library loan,1
CAMBS,County Store,2020-01,Junior fiction,4
CAMBS,County Store,2020-01,Vocal score sets,1
CAMBS,County Store,2020-01,Young adult,1
CAMBS,Ely Library,2019-12,Adult fiction,20
CAMBS,Ely Library,2019-12,Adult fiction hardback,143
CAMBS,Ely Library,2019-12,Adult fiction large print hardback,22
CAMBS,Ely Library,2019-12,Adult fiction large print paperback,32
CAMBS,Ely Library,2019-12,Adult fiction paperback,286
CAMBS,Ely Library,2019-12,Adult non fiction hardback,58
CAMBS,Ely Library,2019-12,Adult non fiction large print hardback,1
CAMBS,Ely Library,2019-12,Adult non fiction paperback,77
CAMBS,Ely Library,2019-12,Adult non-fiction,15
CAMBS,Ely Library,2019-12,Adult spoken word CD,1
CAMBS,Ely Library,2019-12,Adult spoken word CD set,13
CAMBS,Ely Library,2019-12,Children's fiction,15
CAMBS,Ely Library,2019-12,Children's non-fiction,4
CAMBS,Ely Library,2019-12,Children's spoken word CD set,13
CAMBS,Ely Library,2019-12,DVD: 12,5
CAMBS,Ely Library,2019-12,DVD: 15,1
CAMBS,Ely Library,2019-12,DVD: PG,5
CAMBS,Ely Library,2019-12,DVD: U,10
CAMBS,Ely Library,2019-12,Junior fiction,643
CAMBS,Ely Library,2019-12,Junior non-fiction,109
CAMBS,Ely Library,2019-12,Map,9
CAMBS,Ely Library,2019-12,Picture Book,8
CAMBS,Ely Library,2019-12,Quick Pick fiction,5
CAMBS,Ely Library,2019-12,Teenage,20
CAMBS,Ely Library,2019-12,Young adult,7
CAMBS,Ely Library,2019-12,Young adult plus,1
CAMBS,Ely Library,2020-01,Adult fiction,45
CAMBS,Ely Library,2020-01,Adult fiction hardback,137
CAMBS,Ely Library,2020-01,Adult fiction large print hardback,27
CAMBS,Ely Library,2020-01,Adult fiction large print paperback,30
CAMBS,Ely Library,2020-01,Adult fiction paperback,367
CAMBS,Ely Library,2020-01,Adult non fiction hardback,79
CAMBS,Ely Library,2020-01,Adult non fiction large print hardback,2
CAMBS,Ely Library,2020-01,Adult non fiction large print paperback,3
CAMBS,Ely Library,2020-01,Adult non fiction paperback,153
CAMBS,Ely Library,2020-01,Adult non-fiction,23
CAMBS,Ely Library,2020-01,Adult spoken word cassette,1
CAMBS,Ely Library,2020-01,Adult spoken word cassette set,3
CAMBS,Ely Library,2020-01,Adult spoken word CD set,29
CAMBS,Ely Library,2020-01,Children's fiction,20
CAMBS,Ely Library,2020-01,Children's non-fiction,2
CAMBS,Ely Library,2020-01,Children's spoken word CD set,15
CAMBS,Ely Library,2020-01,DVD: 12,5
CAMBS,Ely Library,2020-01,DVD: 15,5
CAMBS,Ely Library,2020-01,DVD: 18,3
CAMBS,Ely Library,2020-01,DVD: PG,3
CAMBS,Ely Library,2020-01,DVD: U,8
CAMBS,Ely Library,2020-01,Junior fiction,965
CAMBS,Ely Library,2020-01,Junior large print,3
CAMBS,Ely Library,2020-01,Junior non-fiction,163
CAMBS,Ely Library,2020-01,Lending,1
CAMBS,Ely Library,2020-01,Map,4
CAMBS,Ely Library,2020-01,Picture Book,17
CAMBS,Ely Library,2020-01,Quick Pick fiction,1
CAMBS,Ely Library,2020-01,Teenage,24
CAMBS,Ely Library,2020-01,Young adult,5
CAMBS,Ely Library,2020-01,Young adult plus,8
CAMBS,Fulbourn Library Access Point,2019-12,Adult fiction,1
CAMBS,Fulbourn Library Access Point,2019-12,Adult fiction hardback,8
CAMBS,Fulbourn Library Access Point,2019-12,Adult fiction large print hardback,2
CAMBS,Fulbourn Library Access Point,2019-12,Adult fiction large print paperback,4
CAMBS,Fulbourn Library Access Point,2019-12,Adult fiction paperback,46
CAMBS,Fulbourn Library Access Point,2019-12,Adult non fiction hardback,4
CAMBS,Fulbourn Library Access Point,2019-12,Adult non fiction paperback,3
CAMBS,Fulbourn Library Access Point,2019-12,Children's fiction,3
CAMBS,Fulbourn Library Access Point,2019-12,DVD: 15,1
CAMBS,Fulbourn Library Access Point,2019-12,Junior fiction,63
CAMBS,Fulbourn Library Access Point,2019-12,Junior non-fiction,4
CAMBS,Fulbourn Library Access Point,2019-12,Teenage,5
CAMBS,Fulbourn Library Access Point,2019-12,Young adult,11
CAMBS,Fulbourn Library Access Point,2020-01,Adult fiction,2
CAMBS,Fulbourn Library Access Point,2020-01,Adult fiction hardback,12
CAMBS,Fulbourn Library Access Point,2020-01,Adult fiction large print hardback,1
CAMBS,Fulbourn Library Access Point,2020-01,Adult fiction paperback,77
CAMBS,Fulbourn Library Access Point,2020-01,Adult non fiction hardback,7
CAMBS,Fulbourn Library Access Point,2020-01,Adult non fiction paperback,1
CAMBS,Fulbourn Library Access Point,2020-01,Adult spoken word CD set,1
CAMBS,Fulbourn Library Access Point,2020-01,Junior fiction,49
CAMBS,Fulbourn Library Access Point,2020-01,Junior non-fiction,5
CAMBS,Fulbourn Library Access Point,2020-01,Picture Book,1
CAMBS,Fulbourn Library Access Point,2020-01,Teenage,2
CAMBS,Fulbourn Library Access Point,2020-01,Young adult,1
CAMBS,Gamlingay Library Access Point,2019-12,Adult fiction,2
CAMBS,Gamlingay Library Access Point,2019-12,Adult fiction hardback,3
CAMBS,Gamlingay Library Access Point,2019-12,Adult fiction large print hardback,1
CAMBS,Gamlingay Library Access Point,2019-12,Adult fiction paperback,16
CAMBS,Gamlingay Library Access Point,2019-12,Adult non fiction hardback,2
CAMBS,Gamlingay Library Access Point,2019-12,Adult non fiction paperback,3
CAMBS,Gamlingay Library Access Point,2019-12,Children's fiction,1
CAMBS,Gamlingay Library Access Point,2019-12,Junior fiction,6
CAMBS,Gamlingay Library Access Point,2019-12,Junior non-fiction,1
CAMBS,Gamlingay Library Access Point,2019-12,Teenage,1
CAMBS,Gamlingay Library Access Point,2019-12,Young adult,1
CAMBS,Gamlingay Library Access Point,2020-01,Adult fiction,1
CAMBS,Gamlingay Library Access Point,2020-01,Adult fiction hardback,6
CAMBS,Gamlingay Library Access Point,2020-01,Adult fiction large print hardback,3
CAMBS,Gamlingay Library Access Point,2020-01,Adult fiction large print paperback,20
CAMBS,Gamlingay Library Access Point,2020-01,Adult fiction paperback,36
CAMBS,Gamlingay Library Access Point,2020-01,Adult non fiction hardback,7
CAMBS,Gamlingay Library Access Point,2020-01,Adult non fiction paperback,10
CAMBS,Gamlingay Library Access Point,2020-01,Adult spoken word cassette set,1
CAMBS,Gamlingay Library Access Point,2020-01,Adult spoken word CD set,3
CAMBS,Gamlingay Library Access Point,2020-01,Junior fiction,11
CAMBS,Gamlingay Library Access Point,2020-01,Quick Pick fiction,1
CAMBS,Gamlingay Library Access Point,2020-01,Young adult,1
CAMBS,Great Shelford Library,2019-12,Adult fiction,18
CAMBS,Great Shelford Library,2019-12,Adult fiction hardback,39
CAMBS,Great Shelford Library,2019-12,Adult fiction large print paperback,3
CAMBS,Great Shelford Library,2019-12,Adult fiction paperback,111
CAMBS,Great Shelford Library,2019-12,Adult non fiction hardback,19
CAMBS,Great Shelford Library,2019-12,Adult non fiction paperback,30
CAMBS,Great Shelford Library,2019-12,Adult spoken word CD set,4
CAMBS,Great Shelford Library,2019-12,Children's non-fiction,2
CAMBS,Great Shelford Library,2019-12,Children's spoken word CD set,8
CAMBS,Great Shelford Library,2019-12,DVD: PG,1
CAMBS,Great Shelford Library,2019-12,DVD: U,1
CAMBS,Great Shelford Library,2019-12,Junior fiction,233
CAMBS,Great Shelford Library,2019-12,Junior large print,1
CAMBS,Great Shelford Library,2019-12,Junior non-fiction,32
CAMBS,Great Shelford Library,2019-12,Music score,2
CAMBS,Great Shelford Library,2019-12,Picture Book,1
CAMBS,Great Shelford Library,2019-12,Quick Pick fiction,2
CAMBS,Great Shelford Library,2019-12,Teenage,7
CAMBS,Great Shelford Library,2019-12,Young adult,3
CAMBS,Great Shelford Library,2019-12,Young adult plus,1
CAMBS,Great Shelford Library,2020-01,Adult fiction,18
CAMBS,Great Shelford Library,2020-01,Adult fiction hardback,52
CAMBS,Great Shelford Library,2020-01,Adult fiction large print hardback,4
CAMBS,Great Shelford Library,2020-01,Adult fiction large print paperback,4
CAMBS,Great Shelford Library,2020-01,Adult fiction paperback,114
CAMBS,Great Shelford Library,2020-01,Adult non fiction hardback,35
CAMBS,Great Shelford Library,2020-01,Adult non fiction large print paperback,1
CAMBS,Great Shelford Library,2020-01,Adult non fiction paperback,57
CAMBS,Great Shelford Library,2020-01,Adult non-fiction,2
CAMBS,Great Shelford Library,2020-01,Adult spoken word cassette set,1
CAMBS,Great Shelford Library,2020-01,Adult spoken word CD set,10
CAMBS,Great Shelford Library,2020-01,Children's fiction,1
CAMBS,Great Shelford Library,2020-01,Children's non-fiction,5
CAMBS,Great Shelford Library,2020-01,Children's spoken word CD set,6
CAMBS,Great Shelford Library,2020-01,DVD: 12,2
CAMBS,Great Shelford Library,2020-01,DVD: U,7
CAMBS,Great Shelford Library,2020-01,Junior fiction,480
CAMBS,Great Shelford Library,2020-01,Junior non-fiction,61
CAMBS,Great Shelford Library,2020-01,Picture Book,1
CAMBS,Great Shelford Library,2020-01,Quick Pick fiction,4
CAMBS,Great Shelford Library,2020-01,Teenage,17
CAMBS,Great Shelford Library,2020-01,Young adult,8
CAMBS,Haddenham Library Access Point,2019-12,Adult fiction hardback,2
CAMBS,Haddenham Library Access Point,2019-12,Adult fiction paperback,55
CAMBS,Haddenham Library Access Point,2019-12,Adult non fiction hardback,1
CAMBS,Haddenham Library Access Point,2019-12,Adult non fiction paperback,3
CAMBS,Haddenham Library Access Point,2019-12,Junior fiction,49
CAMBS,Haddenham Library Access Point,2019-12,Junior non-fiction,10
CAMBS,Haddenham Library Access Point,2019-12,Young adult,6
CAMBS,Haddenham Library Access Point,2020-01,Adult fiction,1
CAMBS,Haddenham Library Access Point,2020-01,Adult fiction hardback,3
CAMBS,Haddenham Library Access Point,2020-01,Adult fiction paperback,54
CAMBS,Haddenham Library Access Point,2020-01,Adult non fiction hardback,4
CAMBS,Haddenham Library Access Point,2020-01,Adult non fiction paperback,9
CAMBS,Haddenham Library Access Point,2020-01,Junior fiction,60
CAMBS,Haddenham Library Access Point,2020-01,Junior non-fiction,9
CAMBS,Haddenham Library Access Point,2020-01,Young adult,7
CAMBS,Histon Library,2019-12,Adult fiction,4
CAMBS,Histon Library,2019-12,Adult fiction hardback,63
CAMBS,Histon Library,2019-12,Adult fiction large print hardback,14
CAMBS,Histon Library,2019-12,Adult fiction large print paperback,6
CAMBS,Histon Library,2019-12,Adult fiction paperback,90
CAMBS,Histon Library,2019-12,Adult non fiction hardback,22
CAMBS,Histon Library,2019-12,Adult non fiction large print paperback,1
CAMBS,Histon Library,2019-12,Adult non fiction paperback,21
CAMBS,Histon Library,2019-12,Adult spoken word cassette set,1
CAMBS,Histon Library,2019-12,Adult spoken word CD,1
CAMBS,Histon Library,2019-12,Adult spoken word CD set,7
CAMBS,Histon Library,2019-12,Children's fiction,3
CAMBS,Histon Library,2019-12,Children's spoken word CD set,2
CAMBS,Histon Library,2019-12,DVD: 12,2
CAMBS,Histon Library,2019-12,DVD: U,4
CAMBS,Histon Library,2019-12,Junior fiction,312
CAMBS,Histon Library,2019-12,Junior non-fiction,34
CAMBS,Histon Library,2019-12,Picture Book,3
CAMBS,Histon Library,2019-12,Teenage,4
CAMBS,Histon Library,2019-12,Young adult,4
CAMBS,Histon Library,2020-01,Adult fiction,2
CAMBS,Histon Library,2020-01,Adult fiction hardback,66
CAMBS,Histon Library,2020-01,Adult fiction large print hardback,14
CAMBS,Histon Library,2020-01,Adult fiction large print paperback,9
CAMBS,Histon Library,2020-01,Adult fiction paperback,124
CAMBS,Histon Library,2020-01,Adult non fiction hardback,32
CAMBS,Histon Library,2020-01,Adult non fiction large print hardback,2
CAMBS,Histon Library,2020-01,Adult non fiction paperback,56
CAMBS,Histon Library,2020-01,Adult non-fiction,1
CAMBS,Histon Library,2020-01,Adult spoken word CD set,5
CAMBS,Histon Library,2020-01,Children's fiction,1
CAMBS,Histon Library,2020-01,Children's non-fiction,1
CAMBS,Histon Library,2020-01,Children's spoken word CD set,5
CAMBS,Histon Library,2020-01,DVD short,1
CAMBS,Histon Library,2020-01,DVD: 12,3
CAMBS,Histon Library,2020-01,DVD: 15,1
CAMBS,Histon Library,2020-01,DVD: U,4
CAMBS,Histon Library,2020-01,Junior fiction,396
CAMBS,Histon Library,2020-01,Junior non-fiction,149
CAMBS,Histon Library,2020-01,Picture Book,2
CAMBS,Histon Library,2020-01,Teenage,14
CAMBS,Histon Library,2020-01,Young adult,4
CAMBS,Histon Library,2020-01,Young adult plus,2
CAMBS,Huntingdon Library,2019-12,Adult fiction,42
CAMBS,Huntingdon Library,2019-12,Adult fiction hardback,135
CAMBS,Huntingdon Library,2019-12,Adult fiction large print hardback,27
CAMBS,Huntingdon Library,2019-12,Adult fiction large print paperback,31
CAMBS,Huntingdon Library,2019-12,Adult fiction paperback,335
CAMBS,Huntingdon Library,2019-12,Adult non fiction hardback,43
CAMBS,Huntingdon Library,2019-12,Adult non fiction paperback,87
CAMBS,Huntingdon Library,2019-12,Adult non-fiction,6
CAMBS,Huntingdon Library,2019-12,Adult spoken word CD,1
CAMBS,Huntingdon Library,2019-12,Adult spoken word CD set,6
CAMBS,Huntingdon Library,2019-12,Children's fiction,8
CAMBS,Huntingdon Library,2019-12,Children's non-fiction,2
CAMBS,Huntingdon Library,2019-12,Children's spoken word CD set,2
CAMBS,Huntingdon Library,2019-12,DVD: 12,4
CAMBS,Huntingdon Library,2019-12,DVD: 15,3
CAMBS,Huntingdon Library,2019-12,DVD: PG,3
CAMBS,Huntingdon Library,2019-12,DVD: U,1
CAMBS,Huntingdon Library,2019-12,Junior fiction,403
CAMBS,Huntingdon Library,2019-12,Junior large print,4
CAMBS,Huntingdon Library,2019-12,Junior non-fiction,103
CAMBS,Huntingdon Library,2019-12,Map,4
CAMBS,Huntingdon Library,2019-12,Picture Book,1
CAMBS,Huntingdon Library,2019-12,Quick Pick fiction,3
CAMBS,Huntingdon Library,2019-12,Teenage,11
CAMBS,Huntingdon Library,2019-12,Young adult,12
CAMBS,Huntingdon Library,2019-12,Young adult plus,1
CAMBS,Huntingdon Library,2020-01,Adult fiction,53
CAMBS,Huntingdon Library,2020-01,Adult fiction hardback,209
CAMBS,Huntingdon Library,2020-01,Adult fiction large print hardback,36
CAMBS,Huntingdon Library,2020-01,Adult fiction large print paperback,32
CAMBS,Huntingdon Library,2020-01,Adult fiction paperback,456
CAMBS,Huntingdon Library,2020-01,Adult non fiction hardback,59
CAMBS,Huntingdon Library,2020-01,Adult non fiction large print hardback,2
CAMBS,Huntingdon Library,2020-01,Adult non fiction large print paperback,1
CAMBS,Huntingdon Library,2020-01,Adult non fiction paperback,119
CAMBS,Huntingdon Library,2020-01,Adult non-fiction,13
CAMBS,Huntingdon Library,2020-01,Adult spoken word cassette,1
CAMBS,Huntingdon Library,2020-01,Adult spoken word CD,1
CAMBS,Huntingdon Library,2020-01,Adult spoken word CD set,1
CAMBS,Huntingdon Library,2020-01,CD,2
CAMBS,Huntingdon Library,2020-01,Children's fiction,11
CAMBS,Huntingdon Library,2020-01,Children's non-fiction,2
CAMBS,Huntingdon Library,2020-01,Children's spoken word CD set,10
CAMBS,Huntingdon Library,2020-01,DVD: 12,5
CAMBS,Huntingdon Library,2020-01,DVD: 15,3
CAMBS,Huntingdon Library,2020-01,DVD: PG,2
CAMBS,Huntingdon Library,2020-01,DVD: U,1
CAMBS,Huntingdon Library,2020-01,Junior fiction,376
CAMBS,Huntingdon Library,2020-01,Junior large print,5
CAMBS,Huntingdon Library,2020-01,Junior non-fiction,75
CAMBS,Huntingdon Library,2020-01,Map,12
CAMBS,Huntingdon Library,2020-01,Music score,2
CAMBS,Huntingdon Library,2020-01,Picture Book,1
CAMBS,Huntingdon Library,2020-01,Quick Pick fiction,3
CAMBS,Huntingdon Library,2020-01,Teenage,32
CAMBS,Huntingdon Library,2020-01,Young adult,12
CAMBS,Huntingdon Library,2020-01,Young adult plus,2
CAMBS,Linton Library,2019-12,Adult fiction,4
CAMBS,Linton Library,2019-12,Adult fiction hardback,33
CAMBS,Linton Library,2019-12,Adult fiction large print hardback,2
CAMBS,Linton Library,2019-12,Adult fiction paperback,43
CAMBS,Linton Library,2019-12,Adult non fiction hardback,18
CAMBS,Linton Library,2019-12,Adult non fiction paperback,8
CAMBS,Linton Library,2019-12,Adult non-fiction,5
CAMBS,Linton Library,2019-12,Adult spoken word CD,1
CAMBS,Linton Library,2019-12,Adult spoken word CD set,3
CAMBS,Linton Library,2019-12,Junior fiction,123
CAMBS,Linton Library,2019-12,Junior non-fiction,15
CAMBS,Linton Library,2019-12,Picture Book,1
CAMBS,Linton Library,2019-12,Quick Pick fiction,1
CAMBS,Linton Library,2019-12,Teenage,3
CAMBS,Linton Library,2019-12,Young adult,2
CAMBS,Linton Library,2020-01,Adult fiction,3
CAMBS,Linton Library,2020-01,Adult fiction hardback,37
CAMBS,Linton Library,2020-01,Adult fiction large print hardback,11
CAMBS,Linton Library,2020-01,Adult fiction large print paperback,6
CAMBS,Linton Library,2020-01,Adult fiction paperback,78
CAMBS,Linton Library,2020-01,Adult non fiction hardback,11
CAMBS,Linton Library,2020-01,Adult non fiction large print hardback,2
CAMBS,Linton Library,2020-01,Adult non fiction large print paperback,1
CAMBS,Linton Library,2020-01,Adult non fiction paperback,26
CAMBS,Linton Library,2020-01,Adult spoken word CD set,2
CAMBS,Linton Library,2020-01,Children's non-fiction,2
CAMBS,Linton Library,2020-01,Junior fiction,266
CAMBS,Linton Library,2020-01,Junior non-fiction,22
CAMBS,Linton Library,2020-01,Picture Book,1
CAMBS,Linton Library,2020-01,Quick Pick fiction,1
CAMBS,Linton Library,2020-01,Teenage,3
CAMBS,Linton Library,2020-01,Young adult,1
CAMBS,Linton Library,2020-01,Young adult plus,1
CAMBS,Little Downham Library Access Point,2020-01,Adult fiction hardback,3
CAMBS,Little Downham Library Access Point,2020-01,Adult fiction large print hardback,3
CAMBS,Little Downham Library Access Point,2020-01,Adult fiction large print paperback,4
CAMBS,Little Downham Library Access Point,2020-01,Adult fiction paperback,25
CAMBS,Little Downham Library Access Point,2020-01,Adult non fiction paperback,1
CAMBS,Little Downham Library Access Point,2020-01,Children's fiction,1
CAMBS,Little Downham Library Access Point,2020-01,Junior fiction,13
CAMBS,Little Downham Library Access Point,2020-01,Quick Pick fiction,1
CAMBS,Littleport Library,2019-12,Adult fiction,2
CAMBS,Littleport Library,2019-12,Adult fiction hardback,9
CAMBS,Littleport Library,2019-12,Adult fiction large print hardback,1
CAMBS,Littleport Library,2019-12,Adult fiction large print paperback,4
CAMBS,Littleport Library,2019-12,Adult fiction paperback,18
CAMBS,Littleport Library,2019-12,Adult non fiction hardback,8
CAMBS,Littleport Library,2019-12,Adult non fiction paperback,4
CAMBS,Littleport Library,2019-12,Adult non-fiction,1
CAMBS,Littleport Library,2019-12,Adult spoken word CD set,7
CAMBS,Littleport Library,2019-12,Junior fiction,61
CAMBS,Littleport Library,2019-12,Junior non-fiction,5
CAMBS,Littleport Library,2020-01,Adult fiction hardback,24
CAMBS,Littleport Library,2020-01,Adult fiction large print hardback,20
CAMBS,Littleport Library,2020-01,Adult fiction large print paperback,4
CAMBS,Littleport Library,2020-01,Adult fiction paperback,54
CAMBS,Littleport Library,2020-01,Adult non fiction hardback,23
CAMBS,Littleport Library,2020-01,Adult non fiction large print paperback,1
CAMBS,Littleport Library,2020-01,Adult non fiction paperback,20
CAMBS,Littleport Library,2020-01,Adult spoken word CD set,5
CAMBS,Littleport Library,2020-01,Children's non-fiction,1
CAMBS,Littleport Library,2020-01,DVD: U,1
CAMBS,Littleport Library,2020-01,Junior fiction,97
CAMBS,Littleport Library,2020-01,Junior non-fiction,11
CAMBS,Littleport Library,2020-01,Picture Book,1
CAMBS,Littleport Library,2020-01,Young adult,1
CAMBS,March Library,2019-12,Adult fiction,31
CAMBS,March Library,2019-12,Adult fiction hardback,86
CAMBS,March Library,2019-12,Adult fiction large print hardback,33
CAMBS,March Library,2019-12,Adult fiction large print paperback,17
CAMBS,March Library,2019-12,Adult fiction paperback,222
CAMBS,March Library,2019-12,Adult non fiction hardback,38
CAMBS,March Library,2019-12,Adult non fiction large print hardback,1
CAMBS,March Library,2019-12,Adult non fiction large print paperback,1
CAMBS,March Library,2019-12,Adult non fiction paperback,73
CAMBS,March Library,2019-12,Adult non-fiction,6
CAMBS,March Library,2019-12,Adult spoken word cassette set,8
CAMBS,March Library,2019-12,Adult spoken word CD set,39
CAMBS,March Library,2019-12,Children's fiction,1
CAMBS,March Library,2019-12,Children's non-fiction,2
CAMBS,March Library,2019-12,Children's spoken word CD set,8
CAMBS,March Library,2019-12,DVD: 12,6
CAMBS,March Library,2019-12,DVD: 15,2
CAMBS,March Library,2019-12,DVD: PG,2
CAMBS,March Library,2019-12,DVD: U,1
CAMBS,March Library,2019-12,Junior fiction,187
CAMBS,March Library,2019-12,Junior non-fiction,32
CAMBS,March Library,2019-12,Magazine for loan,2
CAMBS,March Library,2019-12,Picture Book,3
CAMBS,March Library,2019-12,Quick Pick fiction,4
CAMBS,March Library,2019-12,Teenage,11
CAMBS,March Library,2019-12,Young adult,1
CAMBS,March Library,2020-01,Adult fiction,30
CAMBS,March Library,2020-01,Adult fiction hardback,112
CAMBS,March Library,2020-01,Adult fiction large print hardback,66
CAMBS,March Library,2020-01,Adult fiction large print paperback,22
CAMBS,March Library,2020-01,Adult fiction paperback,248
CAMBS,March Library,2020-01,Adult non fiction hardback,44
CAMBS,March Library,2020-01,Adult non fiction large print paperback,1
CAMBS,March Library,2020-01,Adult non fiction paperback,41
CAMBS,March Library,2020-01,Adult non-fiction,1
CAMBS,March Library,2020-01,Adult spoken word cassette set,2
CAMBS,March Library,2020-01,Adult spoken word CD,1
CAMBS,March Library,2020-01,Adult spoken word CD set,31
CAMBS,March Library,2020-01,Blu-Ray: 15,1
CAMBS,March Library,2020-01,Children's fiction,2
CAMBS,March Library,2020-01,Children's non-fiction,3
CAMBS,March Library,2020-01,Children's spoken word CD set,4
CAMBS,March Library,2020-01,Devices and electronics,1
CAMBS,March Library,2020-01,DVD: 12,3
CAMBS,March Library,2020-01,DVD: 15,1
CAMBS,March Library,2020-01,DVD: PG,5
CAMBS,March Library,2020-01,DVD: U,1
CAMBS,March Library,2020-01,Junior fiction,306
CAMBS,March Library,2020-01,Junior non-fiction,45
CAMBS,March Library,2020-01,Magazine for loan,2
CAMBS,March Library,2020-01,Picture Book,2
CAMBS,March Library,2020-01,Quick Pick fiction,2
CAMBS,March Library,2020-01,Teenage,3
CAMBS,March Library,2020-01,Young adult,5
CAMBS,March Library,2020-01,Young adult plus,1
CAMBS,Melbourn Library Access Point,2019-12,Adult fiction hardback,4
CAMBS,Melbourn Library Access Point,2019-12,Adult fiction large print paperback,2
CAMBS,Melbourn Library Access Point,2019-12,Adult fiction paperback,38
CAMBS,Melbourn Library Access Point,2019-12,Adult non fiction paperback,1
CAMBS,Melbourn Library Access Point,2019-12,Children's fiction,6
CAMBS,Melbourn Library Access Point,2019-12,Junior fiction,34
CAMBS,Melbourn Library Access Point,2019-12,Junior non-fiction,5
CAMBS,Melbourn Library Access Point,2019-12,Picture Book,1
CAMBS,Melbourn Library Access Point,2020-01,Adult fiction,1
CAMBS,Melbourn Library Access Point,2020-01,Adult fiction hardback,4
CAMBS,Melbourn Library Access Point,2020-01,Adult fiction paperback,40
CAMBS,Melbourn Library Access Point,2020-01,Adult non fiction hardback,3
CAMBS,Melbourn Library Access Point,2020-01,Adult non fiction paperback,1
CAMBS,Melbourn Library Access Point,2020-01,Children's fiction,2
CAMBS,Melbourn Library Access Point,2020-01,Junior fiction,90
CAMBS,Melbourn Library Access Point,2020-01,Junior non-fiction,2
CAMBS,Melbourn Library Access Point,2020-01,Picture Book,2
CAMBS,Milton Road Library,2019-12,Adult fiction,2
CAMBS,Milton Road Library,2019-12,Adult fiction hardback,4
CAMBS,Milton Road Library,2019-12,Adult fiction large print paperback,3
CAMBS,Milton Road Library,2019-12,Adult fiction paperback,16
CAMBS,Milton Road Library,2019-12,Adult non fiction hardback,8
CAMBS,Milton Road Library,2019-12,Adult non fiction paperback,17
CAMBS,Milton Road Library,2019-12,Adult spoken word CD set,2
CAMBS,Milton Road Library,2019-12,DVD: 15,1
CAMBS,Milton Road Library,2019-12,DVD: U,2
CAMBS,Milton Road Library,2019-12,Junior fiction,46
CAMBS,Milton Road Library,2019-12,Junior fiction hardback,1
CAMBS,Milton Road Library,2019-12,Junior fiction paperback,1
CAMBS,Milton Road Library,2019-12,Junior non-fiction,12
CAMBS,Milton Road Library,2019-12,Teenage,1
CAMBS,Milton Road Library,2019-12,Young adult plus,1
CAMBS,Milton Road Library,2020-01,Adult fiction,4
CAMBS,Milton Road Library,2020-01,Adult fiction hardback,17
CAMBS,Milton Road Library,2020-01,Adult fiction large print hardback,4
CAMBS,Milton Road Library,2020-01,Adult fiction large print paperback,7
CAMBS,Milton Road Library,2020-01,Adult fiction paperback,45
CAMBS,Milton Road Library,2020-01,Adult non fiction hardback,13
CAMBS,Milton Road Library,2020-01,Adult non fiction large print hardback,2
CAMBS,Milton Road Library,2020-01,Adult non fiction large print paperback,1
CAMBS,Milton Road Library,2020-01,Adult non fiction paperback,29
CAMBS,Milton Road Library,2020-01,Adult spoken word CD,1
CAMBS,Milton Road Library,2020-01,Adult spoken word CD set,5
CAMBS,Milton Road Library,2020-01,Children's non-fiction,1
CAMBS,Milton Road Library,2020-01,Children's spoken word CD set,9
CAMBS,Milton Road Library,2020-01,DVD: 15,1
CAMBS,Milton Road Library,2020-01,Junior fiction,154
CAMBS,Milton Road Library,2020-01,Junior non-fiction,42
CAMBS,Milton Road Library,2020-01,Teenage,5
CAMBS,Milton Road Library,2020-01,Young adult,3
CAMBS,Mobile Library,2019-12,Adult fiction,35
CAMBS,Mobile Library,2019-12,Adult fiction hardback,77
CAMBS,Mobile Library,2019-12,Adult fiction large print hardback,18
CAMBS,Mobile Library,2019-12,Adult fiction large print paperback,19
CAMBS,Mobile Library,2019-12,Adult fiction paperback,162
CAMBS,Mobile Library,2019-12,Adult non fiction hardback,23
CAMBS,Mobile Library,2019-12,Adult non fiction paperback,29
CAMBS,Mobile Library,2019-12,Adult non-fiction,4
CAMBS,Mobile Library,2019-12,Adult spoken word cassette set,13
CAMBS,Mobile Library,2019-12,Adult spoken word CD set,16
CAMBS,Mobile Library,2019-12,Children's fiction,3
CAMBS,Mobile Library,2019-12,Children's non-fiction,2
CAMBS,Mobile Library,2019-12,Junior fiction,39
CAMBS,Mobile Library,2019-12,Junior non-fiction,10
CAMBS,Mobile Library,2019-12,Teenage,8
CAMBS,Mobile Library,2020-01,Adult fiction,45
CAMBS,Mobile Library,2020-01,Adult fiction hardback,184
CAMBS,Mobile Library,2020-01,Adult fiction large print hardback,125
CAMBS,Mobile Library,2020-01,Adult fiction large print paperback,139
CAMBS,Mobile Library,2020-01,Adult fiction paperback,434
CAMBS,Mobile Library,2020-01,Adult non fiction hardback,44
CAMBS,Mobile Library,2020-01,Adult non fiction large print hardback,5
CAMBS,Mobile Library,2020-01,Adult non fiction large print paperback,1
CAMBS,Mobile Library,2020-01,Adult non fiction paperback,66
CAMBS,Mobile Library,2020-01,Adult non-fiction,8
CAMBS,Mobile Library,2020-01,Adult spoken word cassette set,6
CAMBS,Mobile Library,2020-01,Adult spoken word CD,1
CAMBS,Mobile Library,2020-01,Adult spoken word CD set,7
CAMBS,Mobile Library,2020-01,Bott village college fiction,1
CAMBS,Mobile Library,2020-01,Children's fiction,17
CAMBS,Mobile Library,2020-01,Children's non-fiction,1
CAMBS,Mobile Library,2020-01,DVD: 15,1
CAMBS,Mobile Library,2020-01,Junior fiction,254
CAMBS,Mobile Library,2020-01,Junior non-fiction,16
CAMBS,Mobile Library,2020-01,Quick Pick fiction,4
CAMBS,Mobile Library,2020-01,Quick Pick non-fiction,1
CAMBS,Mobile Library,2020-01,Young adult,1
CAMBS,Papworth Library,2019-12,Adult fiction,1
CAMBS,Papworth Library,2019-12,Adult fiction hardback,5
CAMBS,Papworth Library,2019-12,Adult fiction large print hardback,2
CAMBS,Papworth Library,2019-12,Adult fiction paperback,5
CAMBS,Papworth Library,2019-12,Adult non fiction hardback,1
CAMBS,Papworth Library,2019-12,Adult non fiction paperback,6
CAMBS,Papworth Library,2019-12,Adult non-fiction,1
CAMBS,Papworth Library,2019-12,Children's spoken word CD set,4
CAMBS,Papworth Library,2019-12,Devices and electronics,1
CAMBS,Papworth Library,2019-12,Junior fiction,67
CAMBS,Papworth Library,2019-12,Junior non-fiction,1
CAMBS,Papworth Library,2019-12,Teenage,3
CAMBS,Papworth Library,2020-01,Adult fiction,1
CAMBS,Papworth Library,2020-01,Adult fiction hardback,8
CAMBS,Papworth Library,2020-01,Adult fiction large print hardback,4
CAMBS,Papworth Library,2020-01,Adult fiction large print paperback,1
CAMBS,Papworth Library,2020-01,Adult fiction paperback,19
CAMBS,Papworth Library,2020-01,Adult non fiction hardback,2
CAMBS,Papworth Library,2020-01,Adult non fiction paperback,17
CAMBS,Papworth Library,2020-01,Adult spoken word cassette set,1
CAMBS,Papworth Library,2020-01,Adult spoken word CD set,1
CAMBS,Papworth Library,2020-01,DVD: U,1
CAMBS,Papworth Library,2020-01,Junior fiction,88
CAMBS,Papworth Library,2020-01,Junior non-fiction,7
CAMBS,Papworth Library,2020-01,Teenage,4
CAMBS,Papworth Library,2020-01,Young adult,2
CAMBS,Papworth Library,2020-01,Young adult plus,1
CAMBS,Ramsey Library,2019-12,Adult fiction,9
CAMBS,Ramsey Library,2019-12,Adult fiction hardback,50
CAMBS,Ramsey Library,2019-12,Adult fiction large print hardback,5
CAMBS,Ramsey Library,2019-12,Adult fiction large print paperback,6
CAMBS,Ramsey Library,2019-12,Adult fiction paperback,71
CAMBS,Ramsey Library,2019-12,Adult non fiction hardback,15
CAMBS,Ramsey Library,2019-12,Adult non fiction large print hardback,1
CAMBS,Ramsey Library,2019-12,Adult non fiction paperback,22
CAMBS,Ramsey Library,2019-12,Adult non-fiction,8
CAMBS,Ramsey Library,2019-12,Children's fiction,1
CAMBS,Ramsey Library,2019-12,Children's non-fiction,1
CAMBS,Ramsey Library,2019-12,Junior fiction,85
CAMBS,Ramsey Library,2019-12,Junior non-fiction,9
CAMBS,Ramsey Library,2019-12,Quick Pick fiction,1
CAMBS,Ramsey Library,2019-12,Teenage,1
CAMBS,Ramsey Library,2020-01,Adult fiction,10
CAMBS,Ramsey Library,2020-01,Adult fiction hardback,50
CAMBS,Ramsey Library,2020-01,Adult fiction large print hardback,3
CAMBS,Ramsey Library,2020-01,Adult fiction large print paperback,2
CAMBS,Ramsey Library,2020-01,Adult fiction paperback,115
CAMBS,Ramsey Library,2020-01,Adult non fiction hardback,18
CAMBS,Ramsey Library,2020-01,Adult non fiction large print hardback,1
CAMBS,Ramsey Library,2020-01,Adult non fiction large print paperback,1
CAMBS,Ramsey Library,2020-01,Adult non fiction paperback,21
CAMBS,Ramsey Library,2020-01,Adult non-fiction,5
CAMBS,Ramsey Library,2020-01,Adult spoken word CD set,2
CAMBS,Ramsey Library,2020-01,Children's fiction,2
CAMBS,Ramsey Library,2020-01,Junior fiction,128
CAMBS,Ramsey Library,2020-01,Junior non-fiction,11
CAMBS,Ramsey Library,2020-01,Quick Pick fiction,3
CAMBS,Ramsey Library,2020-01,Teenage,6
CAMBS,Ramsey Library,2020-01,Young adult,2
CAMBS,Rock Road Library,2019-12,Adult fiction,4
CAMBS,Rock Road Library,2019-12,Adult fiction hardback,17
CAMBS,Rock Road Library,2019-12,Adult fiction large print paperback,4
CAMBS,Rock Road Library,2019-12,Adult fiction paperback,52
CAMBS,Rock Road Library,2019-12,Adult non fiction hardback,9
CAMBS,Rock Road Library,2019-12,Adult non fiction paperback,7
CAMBS,Rock Road Library,2019-12,Adult non-fiction,1
CAMBS,Rock Road Library,2019-12,Adult spoken word CD,1
CAMBS,Rock Road Library,2019-12,Adult spoken word CD set,2
CAMBS,Rock Road Library,2019-12,Blu-Ray: 12,1
CAMBS,Rock Road Library,2019-12,Children's non-fiction,1
CAMBS,Rock Road Library,2019-12,Children's spoken word CD set,4
CAMBS,Rock Road Library,2019-12,DVD: 12,1
CAMBS,Rock Road Library,2019-12,DVD: 15,1
CAMBS,Rock Road Library,2019-12,DVD: PG,1
CAMBS,Rock Road Library,2019-12,DVD: U,2
CAMBS,Rock Road Library,2019-12,Junior fiction,200
CAMBS,Rock Road Library,2019-12,Junior non-fiction,28
CAMBS,Rock Road Library,2019-12,Teenage,10
CAMBS,Rock Road Library,2019-12,Young adult,4
CAMBS,Rock Road Library,2019-12,Young adult plus,3
CAMBS,Rock Road Library,2020-01,Adult fiction,6
CAMBS,Rock Road Library,2020-01,Adult fiction hardback,44
CAMBS,Rock Road Library,2020-01,Adult fiction large print hardback,4
CAMBS,Rock Road Library,2020-01,Adult fiction large print paperback,5
CAMBS,Rock Road Library,2020-01,Adult fiction paperback,91
CAMBS,Rock Road Library,2020-01,Adult non fiction hardback,24
CAMBS,Rock Road Library,2020-01,Adult non fiction large print hardback,1
CAMBS,Rock Road Library,2020-01,Adult non fiction paperback,23
CAMBS,Rock Road Library,2020-01,Adult non-fiction,3
CAMBS,Rock Road Library,2020-01,Adult spoken word CD set,9
CAMBS,Rock Road Library,2020-01,Children's fiction,4
CAMBS,Rock Road Library,2020-01,Children's non-fiction,1
CAMBS,Rock Road Library,2020-01,Children's spoken word CD set,6
CAMBS,Rock Road Library,2020-01,DVD: 12,1
CAMBS,Rock Road Library,2020-01,DVD: U,2
CAMBS,Rock Road Library,2020-01,Junior fiction,244
CAMBS,Rock Road Library,2020-01,Junior non-fiction,68
CAMBS,Rock Road Library,2020-01,Picture Book,2
CAMBS,Rock Road Library,2020-01,Quick Pick fiction,1
CAMBS,Rock Road Library,2020-01,Teenage,14
CAMBS,Rock Road Library,2020-01,Young adult,6
CAMBS,Rock Road Library,2020-01,Young adult plus,1
CAMBS,Sawston Library,2019-12,Adult fiction,1
CAMBS,Sawston Library,2019-12,Adult fiction hardback,18
CAMBS,Sawston Library,2019-12,Adult fiction large print hardback,2
CAMBS,Sawston Library,2019-12,Adult fiction paperback,47
CAMBS,Sawston Library,2019-12,Adult non fiction hardback,7
CAMBS,Sawston Library,2019-12,Adult non fiction paperback,16
CAMBS,Sawston Library,2019-12,Adult spoken word CD,1
CAMBS,Sawston Library,2019-12,Children's spoken word CD set,1
CAMBS,Sawston Library,2019-12,Junior fiction,109
CAMBS,Sawston Library,2019-12,Junior non-fiction,9
CAMBS,Sawston Library,2019-12,Picture Book,2
CAMBS,Sawston Library,2019-12,Quick Pick fiction,2
CAMBS,Sawston Library,2020-01,Adult fiction,4
CAMBS,Sawston Library,2020-01,Adult fiction hardback,20
CAMBS,Sawston Library,2020-01,Adult fiction large print hardback,4
CAMBS,Sawston Library,2020-01,Adult fiction large print paperback,6
CAMBS,Sawston Library,2020-01,Adult fiction paperback,42
CAMBS,Sawston Library,2020-01,Adult non fiction hardback,6
CAMBS,Sawston Library,2020-01,Adult non fiction large print hardback,1
CAMBS,Sawston Library,2020-01,Adult non fiction large print paperback,2
CAMBS,Sawston Library,2020-01,Adult non fiction paperback,20
CAMBS,Sawston Library,2020-01,Adult non-fiction,1
CAMBS,Sawston Library,2020-01,Adult spoken word CD,2
CAMBS,Sawston Library,2020-01,Adult spoken word CD set,7
CAMBS,Sawston Library,2020-01,Children's spoken word cassette set,1
CAMBS,Sawston Library,2020-01,Children's spoken word CD set,8
CAMBS,Sawston Library,2020-01,Junior fiction,255
CAMBS,Sawston Library,2020-01,Junior non-fiction,39
CAMBS,Sawston Library,2020-01,Picture Book,1
CAMBS,Sawston Library,2020-01,Quick Pick fiction,1
CAMBS,Sawston Library,2020-01,Teenage,14
CAMBS,Sawston Library,2020-01,Young adult,9
CAMBS,Sawston Library,2020-01,Young adult plus,4
CAMBS,Sawtry Library,2019-12,Adult fiction,2
CAMBS,Sawtry Library,2019-12,Adult fiction hardback,15
CAMBS,Sawtry Library,2019-12,Adult fiction large print hardback,1
CAMBS,Sawtry Library,2019-12,Adult fiction paperback,41
CAMBS,Sawtry Library,2019-12,Adult non fiction hardback,2
CAMBS,Sawtry Library,2019-12,Adult non fiction large print hardback,1
CAMBS,Sawtry Library,2019-12,Adult non fiction paperback,9
CAMBS,Sawtry Library,2019-12,Adult non-fiction,1
CAMBS,Sawtry Library,2019-12,Adult spoken word CD set,1
CAMBS,Sawtry Library,2019-12,Children's fiction,2
CAMBS,Sawtry Library,2019-12,Children's non-fiction,2
CAMBS,Sawtry Library,2019-12,Inter-library loan,1
CAMBS,Sawtry Library,2019-12,Junior fiction,39
CAMBS,Sawtry Library,2019-12,Junior non-fiction,8
CAMBS,Sawtry Library,2019-12,Quick Pick fiction,2
CAMBS,Sawtry Library,2019-12,Teenage,1
CAMBS,Sawtry Library,2019-12,Young adult,1
CAMBS,Sawtry Library,2020-01,Adult fiction,6
CAMBS,Sawtry Library,2020-01,Adult fiction hardback,22
CAMBS,Sawtry Library,2020-01,Adult fiction large print hardback,2
CAMBS,Sawtry Library,2020-01,Adult fiction large print paperback,1
CAMBS,Sawtry Library,2020-01,Adult fiction paperback,42
CAMBS,Sawtry Library,2020-01,Adult non fiction hardback,5
CAMBS,Sawtry Library,2020-01,Adult non fiction paperback,7
CAMBS,Sawtry Library,2020-01,Adult non-fiction,3
CAMBS,Sawtry Library,2020-01,Children's fiction,2
CAMBS,Sawtry Library,2020-01,Junior fiction,47
CAMBS,Sawtry Library,2020-01,Junior non-fiction,11
CAMBS,Sawtry Library,2020-01,Teenage,1
CAMBS,Soham Library,2019-12,Adult fiction,3
CAMBS,Soham Library,2019-12,Adult fiction hardback,15
CAMBS,Soham Library,2019-12,Adult fiction large print hardback,1
CAMBS,Soham Library,2019-12,Adult fiction paperback,53
CAMBS,Soham Library,2019-12,Adult non fiction hardback,12
CAMBS,Soham Library,2019-12,Adult non fiction paperback,12
CAMBS,Soham Library,2019-12,Children's non-fiction,2
CAMBS,Soham Library,2019-12,Junior fiction,94
CAMBS,Soham Library,2019-12,Junior non-fiction,19
CAMBS,Soham Library,2019-12,Map,1
CAMBS,Soham Library,2019-12,Picture Book,2
CAMBS,Soham Library,2019-12,Quick Pick fiction,5
CAMBS,Soham Library,2019-12,Teenage,4
CAMBS,Soham Library,2019-12,Young adult plus,1
CAMBS,Soham Library,2020-01,Adult fiction,5
CAMBS,Soham Library,2020-01,Adult fiction hardback,30
CAMBS,Soham Library,2020-01,Adult fiction large print hardback,3
CAMBS,Soham Library,2020-01,Adult fiction large print paperback,1
CAMBS,Soham Library,2020-01,Adult fiction paperback,69
CAMBS,Soham Library,2020-01,Adult non fiction hardback,8
CAMBS,Soham Library,2020-01,Adult non fiction large print hardback,3
CAMBS,Soham Library,2020-01,Adult non fiction paperback,15
CAMBS,Soham Library,2020-01,Children's non-fiction,2
CAMBS,Soham Library,2020-01,Children's spoken word CD set,1
CAMBS,Soham Library,2020-01,DVD: 15,2
CAMBS,Soham Library,2020-01,Junior fiction,102
CAMBS,Soham Library,2020-01,Junior non-fiction,22
CAMBS,Soham Library,2020-01,Picture Book,1
CAMBS,Soham Library,2020-01,Quick Pick fiction,6
CAMBS,Somersham Library Access Point,2019-12,Adult fiction hardback,3
CAMBS,Somersham Library Access Point,2019-12,Adult fiction paperback,14
CAMBS,Somersham Library Access Point,2019-12,Junior fiction,23
CAMBS,Somersham Library Access Point,2019-12,Junior non-fiction,5
CAMBS,Somersham Library Access Point,2019-12,Picture Book,1
CAMBS,Somersham Library Access Point,2019-12,Young adult plus,3
CAMBS,Somersham Library Access Point,2020-01,Adult fiction,1
CAMBS,Somersham Library Access Point,2020-01,Adult fiction hardback,10
CAMBS,Somersham Library Access Point,2020-01,Adult fiction large print hardback,2
CAMBS,Somersham Library Access Point,2020-01,Adult fiction large print paperback,8
CAMBS,Somersham Library Access Point,2020-01,Adult fiction paperback,59
CAMBS,Somersham Library Access Point,2020-01,Adult non fiction hardback,9
CAMBS,Somersham Library Access Point,2020-01,Adult non fiction paperback,4
CAMBS,Somersham Library Access Point,2020-01,Adult non-fiction,1
CAMBS,Somersham Library Access Point,2020-01,Children's fiction,1
CAMBS,Somersham Library Access Point,2020-01,DVD: 15,1
CAMBS,Somersham Library Access Point,2020-01,Junior fiction,93
CAMBS,Somersham Library Access Point,2020-01,Junior non-fiction,10
CAMBS,Somersham Library Access Point,2020-01,Picture Book,3
CAMBS,Somersham Library Access Point,2020-01,Teenage,1
CAMBS,Somersham Library Access Point,2020-01,Young adult,6
CAMBS,Somersham Library Access Point,2020-01,Young adult plus,4
CAMBS,Somersham Library Access Point,2020-01,Adult fiction hardback,1
CAMBS,Somersham Library Access Point,2020-01,Adult non fiction hardback,1
CAMBS,Somersham Library Access Point,2020-01,Adult non fiction paperback,2
CAMBS,Somersham Library Access Point,2020-01,Junior fiction,2
CAMBS,St Ives Library,2019-12,Adult fiction,41
CAMBS,St Ives Library,2019-12,Adult fiction hardback,178
CAMBS,St Ives Library,2019-12,Adult fiction large print hardback,34
CAMBS,St Ives Library,2019-12,Adult fiction large print paperback,38
CAMBS,St Ives Library,2019-12,Adult fiction paperback,346
CAMBS,St Ives Library,2019-12,Adult non fiction hardback,71
CAMBS,St Ives Library,2019-12,Adult non fiction large print hardback,1
CAMBS,St Ives Library,2019-12,Adult non fiction large print paperback,1
CAMBS,St Ives Library,2019-12,Adult non fiction paperback,116
CAMBS,St Ives Library,2019-12,Adult non-fiction,8
CAMBS,St Ives Library,2019-12,Adult spoken word CD,1
CAMBS,St Ives Library,2019-12,Adult spoken word CD set,6
CAMBS,St Ives Library,2019-12,Children's fiction,15
CAMBS,St Ives Library,2019-12,Children's non-fiction,1
CAMBS,St Ives Library,2019-12,Children's spoken word CD set,10
CAMBS,St Ives Library,2019-12,DVD: 12,1
CAMBS,St Ives Library,2019-12,DVD: 15,2
CAMBS,St Ives Library,2019-12,DVD: PG,3
CAMBS,St Ives Library,2019-12,DVD: U,5
CAMBS,St Ives Library,2019-12,Junior fiction,424
CAMBS,St Ives Library,2019-12,Junior non-fiction,71
CAMBS,St Ives Library,2019-12,Music score,1
CAMBS,St Ives Library,2019-12,Quick Pick fiction,1
CAMBS,St Ives Library,2019-12,Teenage,5
CAMBS,St Ives Library,2019-12,Young adult,2
CAMBS,St Ives Library,2019-12,Young adult plus,2
CAMBS,St Ives Library,2020-01,Adult fiction,94
CAMBS,St Ives Library,2020-01,Adult fiction hardback,318
CAMBS,St Ives Library,2020-01,Adult fiction large print hardback,45
CAMBS,St Ives Library,2020-01,Adult fiction large print paperback,47
CAMBS,St Ives Library,2020-01,Adult fiction paperback,607
CAMBS,St Ives Library,2020-01,Adult non fiction hardback,67
CAMBS,St Ives Library,2020-01,Adult non fiction large print hardback,1
CAMBS,St Ives Library,2020-01,Adult non fiction large print paperback,1
CAMBS,St Ives Library,2020-01,Adult non fiction paperback,158
CAMBS,St Ives Library,2020-01,Adult non-fiction,10
CAMBS,St Ives Library,2020-01,Adult spoken word cassette set,11
CAMBS,St Ives Library,2020-01,Adult spoken word CD,3
CAMBS,St Ives Library,2020-01,Adult spoken word CD set,28
CAMBS,St Ives Library,2020-01,CD,3
CAMBS,St Ives Library,2020-01,CD set,1
CAMBS,St Ives Library,2020-01,Children's fiction,7
CAMBS,St Ives Library,2020-01,Children's non-fiction,2
CAMBS,St Ives Library,2020-01,DVD: 12,7
CAMBS,St Ives Library,2020-01,DVD: 15,5
CAMBS,St Ives Library,2020-01,DVD: PG,5
CAMBS,St Ives Library,2020-01,DVD: U,1
CAMBS,St Ives Library,2020-01,Junior fiction,417
CAMBS,St Ives Library,2020-01,Junior non-fiction,59
CAMBS,St Ives Library,2020-01,Map,5
CAMBS,St Ives Library,2020-01,Music CD,1
CAMBS,St Ives Library,2020-01,Quick Pick fiction,2
CAMBS,St Ives Library,2020-01,Teenage,9
CAMBS,St Ives Library,2020-01,Young adult,1
CAMBS,St Ives Library,2020-01,Young adult plus,2
CAMBS,St Ives Library,2020-01,Adult fiction,3
CAMBS,St Ives Library,2020-01,Adult fiction hardback,16
CAMBS,St Ives Library,2020-01,Adult fiction large print hardback,2
CAMBS,St Ives Library,2020-01,Adult fiction paperback,10
CAMBS,St Ives Library,2020-01,Adult non fiction hardback,8
CAMBS,St Ives Library,2020-01,Adult non fiction paperback,13
CAMBS,St Ives Library,2020-01,Children's fiction,1
CAMBS,St Ives Library,2020-01,Children's spoken word CD set,3
CAMBS,St Ives Library,2020-01,Junior fiction,45
CAMBS,St Ives Library,2020-01,Junior non-fiction,10
CAMBS,St Ives Library,2020-01,Map,3
CAMBS,St Ives Library,2020-01,Teenage,1
CAMBS,St Neots Library,2019-12,Adult fiction,43
CAMBS,St Neots Library,2019-12,Adult fiction hardback,117
CAMBS,St Neots Library,2019-12,Adult fiction large print hardback,11
CAMBS,St Neots Library,2019-12,Adult fiction large print paperback,15
CAMBS,St Neots Library,2019-12,Adult fiction paperback,384
CAMBS,St Neots Library,2019-12,Adult non fiction hardback,29
CAMBS,St Neots Library,2019-12,Adult non fiction large print paperback,1
CAMBS,St Neots Library,2019-12,Adult non fiction paperback,49
CAMBS,St Neots Library,2019-12,Adult non-fiction,1
CAMBS,St Neots Library,2019-12,Adult spoken word cassette set,4
CAMBS,St Neots Library,2019-12,Adult spoken word CD set,24
CAMBS,St Neots Library,2019-12,Children's fiction,28
CAMBS,St Neots Library,2019-12,Children's non-fiction,3
CAMBS,St Neots Library,2019-12,Children's spoken word CD set,4
CAMBS,St Neots Library,2019-12,DVD: 12,6
CAMBS,St Neots Library,2019-12,DVD: 15,2
CAMBS,St Neots Library,2019-12,DVD: PG,6
CAMBS,St Neots Library,2019-12,Junior fiction,618
CAMBS,St Neots Library,2019-12,Junior non-fiction,61
CAMBS,St Neots Library,2019-12,Map,3
CAMBS,St Neots Library,2019-12,Picture Book,3
CAMBS,St Neots Library,2019-12,Quick Pick fiction,5
CAMBS,St Neots Library,2019-12,Teenage,10
CAMBS,St Neots Library,2019-12,Young adult,3
CAMBS,St Neots Library,2019-12,Young adult plus,1
CAMBS,St Neots Library,2020-01,Adult fiction,69
CAMBS,St Neots Library,2020-01,Adult fiction hardback,140
CAMBS,St Neots Library,2020-01,Adult fiction large print hardback,38
CAMBS,St Neots Library,2020-01,Adult fiction large print paperback,65
CAMBS,St Neots Library,2020-01,Adult fiction paperback,472
CAMBS,St Neots Library,2020-01,Adult non fiction hardback,45
CAMBS,St Neots Library,2020-01,Adult non fiction large print hardback,1
CAMBS,St Neots Library,2020-01,Adult non fiction large print paperback,4
CAMBS,St Neots Library,2020-01,Adult non fiction paperback,86
CAMBS,St Neots Library,2020-01,Adult non-fiction,3
CAMBS,St Neots Library,2020-01,Adult spoken word CD set,21
CAMBS,St Neots Library,2020-01,Children's fiction,18
CAMBS,St Neots Library,2020-01,Children's non-fiction,3
CAMBS,St Neots Library,2020-01,Children's spoken word CD set,5
CAMBS,St Neots Library,2020-01,Devices and electronics,1
CAMBS,St Neots Library,2020-01,DVD: 12,3
CAMBS,St Neots Library,2020-01,DVD: PG,4
CAMBS,St Neots Library,2020-01,DVD: U,1
CAMBS,St Neots Library,2020-01,Junior fiction,653
CAMBS,St Neots Library,2020-01,Junior fiction paperback,1
CAMBS,St Neots Library,2020-01,Junior large print,1
CAMBS,St Neots Library,2020-01,Junior non-fiction,104
CAMBS,St Neots Library,2020-01,Picture Book,2
CAMBS,St Neots Library,2020-01,Quick Pick fiction,5
CAMBS,St Neots Library,2020-01,Teenage,24
CAMBS,St Neots Library,2020-01,Young adult,5
CAMBS,St Neots Library,2020-01,Young adult plus,4
CAMBS,Swavesey Library Access Point,2019-12,Adult fiction paperback,11
CAMBS,Swavesey Library Access Point,2019-12,Adult non fiction hardback,1
CAMBS,Swavesey Library Access Point,2019-12,Children's fiction,1
CAMBS,Swavesey Library Access Point,2019-12,Children's non-fiction,1
CAMBS,Swavesey Library Access Point,2019-12,Junior fiction,11
CAMBS,Swavesey Library Access Point,2019-12,Quick Pick fiction,1
CAMBS,Swavesey Library Access Point,2019-12,Teenage,1
CAMBS,Swavesey Library Access Point,2019-12,Young adult,1
CAMBS,Swavesey Library Access Point,2020-01,Adult fiction,1
CAMBS,Swavesey Library Access Point,2020-01,Adult fiction hardback,1
CAMBS,Swavesey Library Access Point,2020-01,Adult fiction large print paperback,1
CAMBS,Swavesey Library Access Point,2020-01,Adult fiction paperback,17
CAMBS,Swavesey Library Access Point,2020-01,Adult non fiction hardback,3
CAMBS,Swavesey Library Access Point,2020-01,Adult non-fiction,1
CAMBS,Swavesey Library Access Point,2020-01,Children's non-fiction,2
CAMBS,Swavesey Library Access Point,2020-01,Junior fiction,13
CAMBS,Swavesey Library Access Point,2020-01,Junior non-fiction,2
CAMBS,Swavesey Library Access Point,2020-01,Quick Pick fiction,2
CAMBS,Swavesey Library Access Point,2020-01,Teenage,1
CAMBS,Warboys Library,2019-12,Adult fiction,3
CAMBS,Warboys Library,2019-12,Adult fiction hardback,28
CAMBS,Warboys Library,2019-12,Adult fiction large print hardback,4
CAMBS,Warboys Library,2019-12,Adult fiction paperback,65
CAMBS,Warboys Library,2019-12,Adult non fiction hardback,6
CAMBS,Warboys Library,2019-12,Adult non fiction paperback,3
CAMBS,Warboys Library,2019-12,Junior fiction,27
CAMBS,Warboys Library,2019-12,Junior non-fiction,4
CAMBS,Warboys Library,2019-12,Picture Book,1
CAMBS,Warboys Library,2019-12,Quick Pick fiction,21
CAMBS,Warboys Library,2020-01,Adult fiction,15
CAMBS,Warboys Library,2020-01,Adult fiction hardback,13
CAMBS,Warboys Library,2020-01,Adult fiction large print hardback,4
CAMBS,Warboys Library,2020-01,Adult fiction large print paperback,1
CAMBS,Warboys Library,2020-01,Adult fiction paperback,71
CAMBS,Warboys Library,2020-01,Adult non fiction hardback,7
CAMBS,Warboys Library,2020-01,Adult non fiction paperback,7
CAMBS,Warboys Library,2020-01,Adult non-fiction,1
CAMBS,Warboys Library,2020-01,Adult spoken word cassette,3
CAMBS,Warboys Library,2020-01,Adult spoken word cassette set,9
CAMBS,Warboys Library,2020-01,Adult spoken word CD set,16
CAMBS,Warboys Library,2020-01,Junior fiction,43
CAMBS,Warboys Library,2020-01,Junior non-fiction,8
CAMBS,Warboys Library,2020-01,Quick Pick fiction,19
CAMBS,Warboys Library,2020-01,Teenage,1
CAMBS,Waterbeach Library Access Point,2019-12,Adult fiction hardback,1
CAMBS,Waterbeach Library Access Point,2019-12,Adult fiction paperback,17
CAMBS,Waterbeach Library Access Point,2019-12,Adult non fiction hardback,1
CAMBS,Waterbeach Library Access Point,2019-12,Adult non fiction paperback,2
CAMBS,Waterbeach Library Access Point,2019-12,Junior fiction,61
CAMBS,Waterbeach Library Access Point,2019-12,Junior large print,2
CAMBS,Waterbeach Library Access Point,2019-12,Junior non-fiction,6
CAMBS,Waterbeach Library Access Point,2019-12,Picture Book,1
CAMBS,Waterbeach Library Access Point,2019-12,Young adult,2
CAMBS,Waterbeach Library Access Point,2020-01,Adult fiction hardback,3
CAMBS,Waterbeach Library Access Point,2020-01,Adult fiction large print paperback,2
CAMBS,Waterbeach Library Access Point,2020-01,Adult fiction paperback,57
CAMBS,Waterbeach Library Access Point,2020-01,Adult non fiction hardback,2
CAMBS,Waterbeach Library Access Point,2020-01,Adult non fiction paperback,4
CAMBS,Waterbeach Library Access Point,2020-01,Adult non-fiction,2
CAMBS,Waterbeach Library Access Point,2020-01,Adult spoken word CD set,1
CAMBS,Waterbeach Library Access Point,2020-01,DVD: 12,1
CAMBS,Waterbeach Library Access Point,2020-01,DVD: 15,1
CAMBS,Waterbeach Library Access Point,2020-01,Junior fiction,214
CAMBS,Waterbeach Library Access Point,2020-01,Junior large print,2
CAMBS,Waterbeach Library Access Point,2020-01,Junior non-fiction,46
CAMBS,Waterbeach Library Access Point,2020-01,Young adult,10
CAMBS,Whittlesey Library Learning Centre,2019-12,Adult fiction,9
CAMBS,Whittlesey Library Learning Centre,2019-12,Adult fiction hardback,29
CAMBS,Whittlesey Library Learning Centre,2019-12,Adult fiction large print hardback,9
CAMBS,Whittlesey Library Learning Centre,2019-12,Adult fiction large print paperback,9
CAMBS,Whittlesey Library Learning Centre,2019-12,Adult fiction paperback,86
CAMBS,Whittlesey Library Learning Centre,2019-12,Adult non fiction hardback,7
CAMBS,Whittlesey Library Learning Centre,2019-12,Adult non fiction large print hardback,1
CAMBS,Whittlesey Library Learning Centre,2019-12,Adult non fiction paperback,8
CAMBS,Whittlesey Library Learning Centre,2019-12,Adult non-fiction,1
CAMBS,Whittlesey Library Learning Centre,2019-12,Adult spoken word CD set,11
CAMBS,Whittlesey Library Learning Centre,2019-12,Children's fiction,1
CAMBS,Whittlesey Library Learning Centre,2019-12,Children's spoken word CD set,3
CAMBS,Whittlesey Library Learning Centre,2019-12,DVD: 12,1
CAMBS,Whittlesey Library Learning Centre,2019-12,Junior fiction,47
CAMBS,Whittlesey Library Learning Centre,2019-12,Junior non-fiction,4
CAMBS,Whittlesey Library Learning Centre,2019-12,Quick Pick fiction,2
CAMBS,Whittlesey Library Learning Centre,2019-12,Young adult,2
CAMBS,Whittlesey Library Learning Centre,2020-01,Adult fiction,16
CAMBS,Whittlesey Library Learning Centre,2020-01,Adult fiction hardback,30
CAMBS,Whittlesey Library Learning Centre,2020-01,Adult fiction large print hardback,10
CAMBS,Whittlesey Library Learning Centre,2020-01,Adult fiction large print paperback,1
CAMBS,Whittlesey Library Learning Centre,2020-01,Adult fiction paperback,112
CAMBS,Whittlesey Library Learning Centre,2020-01,Adult non fiction hardback,15
CAMBS,Whittlesey Library Learning Centre,2020-01,Adult non fiction paperback,18
CAMBS,Whittlesey Library Learning Centre,2020-01,Adult non-fiction,3
CAMBS,Whittlesey Library Learning Centre,2020-01,Adult spoken word CD set,4
CAMBS,Whittlesey Library Learning Centre,2020-01,Children's fiction,2
CAMBS,Whittlesey Library Learning Centre,2020-01,Children's non-fiction,1
CAMBS,Whittlesey Library Learning Centre,2020-01,Children's spoken word CD set,2
CAMBS,Whittlesey Library Learning Centre,2020-01,Junior fiction,163
CAMBS,Whittlesey Library Learning Centre,2020-01,Junior non-fiction,20
CAMBS,Whittlesey Library Learning Centre,2020-01,Quick Pick fiction,2
CAMBS,Whittlesey Library Learning Centre,2020-01,Teenage,3
CAMBS,Whittlesey Library Learning Centre,2020-01,Young adult,1
CAMBS,Whittlesey Library Learning Centre,2020-01,Young adult plus,1
CAMBS,Willingham Library,2019-12,Adult fiction,2
CAMBS,Willingham Library,2019-12,Adult fiction hardback,11
CAMBS,Willingham Library,2019-12,Adult fiction paperback,55
CAMBS,Willingham Library,2019-12,Adult non fiction hardback,10
CAMBS,Willingham Library,2019-12,Adult non fiction paperback,11
CAMBS,Willingham Library,2019-12,Junior fiction,41
CAMBS,Willingham Library,2019-12,Junior non-fiction,5
CAMBS,Willingham Library,2019-12,Teenage,1
CAMBS,Willingham Library,2019-12,Young adult,1
CAMBS,Willingham Library,2019-12,Young adult plus,1
CAMBS,Willingham Library,2020-01,Adult fiction,7
CAMBS,Willingham Library,2020-01,Adult fiction hardback,32
CAMBS,Willingham Library,2020-01,Adult fiction large print paperback,1
CAMBS,Willingham Library,2020-01,Adult fiction paperback,48
CAMBS,Willingham Library,2020-01,Adult non fiction hardback,5
CAMBS,Willingham Library,2020-01,Adult non fiction paperback,5
CAMBS,Willingham Library,2020-01,Children's fiction,1
CAMBS,Willingham Library,2020-01,Junior fiction,66
CAMBS,Willingham Library,2020-01,Junior non-fiction,2
CAMBS,Willingham Library,2020-01,Quick Pick fiction,2
CAMBS,Willingham Library,2020-01,Teenage,3
CAMBS,Willingham Library,2020-01,Young adult,1
CAMBS,Willingham Library,2020-01,Young adult plus,2
CAMBS,Wisbech Library,2019-12,Adult fiction,18
CAMBS,Wisbech Library,2019-12,Adult fiction hardback,90
CAMBS,Wisbech Library,2019-12,Adult fiction large print hardback,23
CAMBS,Wisbech Library,2019-12,Adult fiction large print paperback,18
CAMBS,Wisbech Library,2019-12,Adult fiction paperback,200
CAMBS,Wisbech Library,2019-12,Adult non fiction hardback,46
CAMBS,Wisbech Library,2019-12,Adult non fiction large print hardback,1
CAMBS,Wisbech Library,2019-12,Adult non fiction paperback,42
CAMBS,Wisbech Library,2019-12,Adult non-fiction,21
CAMBS,Wisbech Library,2019-12,Adult spoken word cassette set,8
CAMBS,Wisbech Library,2019-12,Adult spoken word CD set,18
CAMBS,Wisbech Library,2019-12,Children's fiction,6
CAMBS,Wisbech Library,2019-12,Children's non-fiction,1
CAMBS,Wisbech Library,2019-12,DVD: PG,1
CAMBS,Wisbech Library,2019-12,Junior fiction,159
CAMBS,Wisbech Library,2019-12,Junior non-fiction,31
CAMBS,Wisbech Library,2019-12,Music score,1
CAMBS,Wisbech Library,2019-12,Picture Book,1
CAMBS,Wisbech Library,2019-12,Quick Pick fiction,11
CAMBS,Wisbech Library,2019-12,Quick Pick non-fiction,1
CAMBS,Wisbech Library,2019-12,Teenage,1
CAMBS,Wisbech Library,2019-12,Young adult,4
CAMBS,Wisbech Library,2020-01,Adult fiction,49
CAMBS,Wisbech Library,2020-01,Adult fiction hardback,165
CAMBS,Wisbech Library,2020-01,Adult fiction large print hardback,10
CAMBS,Wisbech Library,2020-01,Adult fiction large print paperback,13
CAMBS,Wisbech Library,2020-01,Adult fiction paperback,317
CAMBS,Wisbech Library,2020-01,Adult non fiction hardback,37
CAMBS,Wisbech Library,2020-01,Adult non fiction large print hardback,1
CAMBS,Wisbech Library,2020-01,Adult non fiction paperback,57
CAMBS,Wisbech Library,2020-01,Adult non-fiction,16
CAMBS,Wisbech Library,2020-01,Adult spoken word CD set,15
CAMBS,Wisbech Library,2020-01,Children's fiction,4
CAMBS,Wisbech Library,2020-01,Children's non-fiction,1
CAMBS,Wisbech Library,2020-01,Children's spoken word CD set,1
CAMBS,Wisbech Library,2020-01,DVD: 15,2
CAMBS,Wisbech Library,2020-01,DVD: U,3
CAMBS,Wisbech Library,2020-01,Junior fiction,229
CAMBS,Wisbech Library,2020-01,Junior non-fiction,40
CAMBS,Wisbech Library,2020-01,Music score,1
CAMBS,Wisbech Library,2020-01,Picture Book,6
CAMBS,Wisbech Library,2020-01,Quick Pick fiction,3
CAMBS,Wisbech Library,2020-01,Teenage,7
CAMBS,Yaxley Library,2019-12,Adult fiction,12
CAMBS,Yaxley Library,2019-12,Adult fiction hardback,27
CAMBS,Yaxley Library,2019-12,Adult fiction large print hardback,7
CAMBS,Yaxley Library,2019-12,Adult fiction large print paperback,2
CAMBS,Yaxley Library,2019-12,Adult fiction paperback,64
CAMBS,Yaxley Library,2019-12,Adult non fiction hardback,4
CAMBS,Yaxley Library,2019-12,Adult non fiction paperback,13
CAMBS,Yaxley Library,2019-12,Adult non-fiction,8
CAMBS,Yaxley Library,2019-12,Adult spoken word CD,1
CAMBS,Yaxley Library,2019-12,Adult spoken word CD set,1
CAMBS,Yaxley Library,2019-12,Children's fiction,5
CAMBS,Yaxley Library,2019-12,Children's non-fiction,2
CAMBS,Yaxley Library,2019-12,Junior fiction,124
CAMBS,Yaxley Library,2019-12,Junior non-fiction,26
CAMBS,Yaxley Library,2019-12,Picture Book,1
CAMBS,Yaxley Library,2019-12,Quick Pick fiction,1
CAMBS,Yaxley Library,2019-12,Reading Group,1
CAMBS,Yaxley Library,2019-12,Teenage,3
CAMBS,Yaxley Library,2019-12,Young adult plus,1
CAMBS,Yaxley Library,2020-01,Adult fiction,4
CAMBS,Yaxley Library,2020-01,Adult fiction hardback,47
CAMBS,Yaxley Library,2020-01,Adult fiction large print hardback,12
CAMBS,Yaxley Library,2020-01,Adult fiction large print paperback,6
CAMBS,Yaxley Library,2020-01,Adult fiction paperback,85
CAMBS,Yaxley Library,2020-01,Adult non fiction hardback,14
CAMBS,Yaxley Library,2020-01,Adult non fiction large print hardback,1
CAMBS,Yaxley Library,2020-01,Adult non fiction large print paperback,1
CAMBS,Yaxley Library,2020-01,Adult non fiction paperback,13
CAMBS,Yaxley Library,2020-01,Adult non-fiction,4
CAMBS,Yaxley Library,2020-01,Adult spoken word CD set,2
CAMBS,Yaxley Library,2020-01,Children's fiction,5
CAMBS,Yaxley Library,2020-01,DVD: 12,1
CAMBS,Yaxley Library,2020-01,Junior fiction,160
CAMBS,Yaxley Library,2020-01,Junior non-fiction,22
CAMBS,Yaxley Library,2020-01,Picture Book,2
CAMBS,Yaxley Library,2020-01,Quick Pick fiction,2
CAMBS,Yaxley Library,2020-01,Teenage,1
CAMBS,Yaxley Library,2020-01,Young adult,4
CAMBS,Yaxley Library,2020-01,Young adult plus,1
